Y,X,SoCal_d6,NorCal_d2,SoCal_box,NorCal_box,cell_km2
32,235,0.0,0.0,0.0,0.0,10477.7
32,236,0.0,0.0,0.0,0.0,10477.7
32,237,0.0,0.0,0.0,0.0,10477.7
32,238,0.0,0.0,0.0,0.0,10477.7
32,239,0.0,0.0,0.0,0.0,10477.7
32,240,0.0,0.0,0.0,0.0,10477.7
32,241,0.0,0.0,0.0,0.0,10477.7
32,242,0.0,0.0,0.0,0.0,10477.7
32,243,0.0,0.0,0.0,0.0,10477.7
32,244,0.0,0.0,0.0,0.0,10477.7
32,245,0.0,0.0,0.0,0.0,10477.7
32,246,0.0,0.0,0.0,0.0,10477.7
33,235,0.0,0.0,0.0,0.0,10364.1
33,236,0.0,0.0,0.0,0.0,10364.1
33,237,0.0,0.0,0.0,0.0,10364.1
33,238,0.0,0.0,0.0,0.0,10364.1
33,239,0.0,0.0,0.0,0.0,10364.1
33,240,33.3,0.0,33.3,0.0,10364.1
33,241,121.5,0.0,121.5,0.0,10364.1
33,242,466.3,0.0,466.3,0.0,10364.1
33,243,7534.7,0.0,8006.3,0.0,10364.1
33,244,468.8,0.0,9056.0,0.0,10364.1
33,245,0.0,0.0,7374.9,0.0,10364.1
33,246,0.0,0.0,0.0,0.0,10364.1
34,235,0.0,0.0,0.0,0.0,10247.2
34,236,0.0,0.0,0.0,0.0,10247.2
34,237,0.0,0.0,0.0,0.0,10247.2
34,238,0.0,0.0,0.0,0.0,10247.2
34,239,0.0,0.0,0.0,0.0,10247.2
34,240,1127.8,0.0,1127.8,0.0,10247.2
34,241,3847.2,0.0,3847.2,0.0,10247.2
34,242,7776.2,0.0,8637.3,0.0,10247.2
34,243,5810.6,0.0,10247.2,0.0,10247.2
34,244,0.0,0.0,10247.2,0.0,10247.2
34,245,0.0,0.0,10130.8,0.0,10247.2
34,246,0.0,0.0,0.0,0.0,10247.2
35,235,0.0,0.0,0.0,0.0,10127.2
35,236,0.0,0.0,0.0,0.0,10127.2
35,237,0.0,0.0,0.0,0.0,10127.2
35,238,0.0,0.0,0.0,0.0,10127.2
35,239,595.7,0.0,623.0,0.0,10127.2
35,240,6313.6,0.0,5305.1,0.0,10127.2
35,241,3058.4,0.0,5455.9,0.0,10127.2
35,242,381.9,0.0,5520.5,0.0,10127.2
35,243,0.0,0.0,5499.0,0.0,10127.2
35,244,0.0,0.0,5391.3,0.0,10127.2
35,245,0.0,0.0,4920.8,0.0,10127.2
35,246,0.0,0.0,0.0,0.0,10127.2
36,235,0.0,0.0,0.0,0.0,10004.2
36,236,0.0,0.0,0.0,0.0,10004.2
36,237,0.0,0.0,0.0,0.0,10004.2
36,238,0.0,0.0,0.0,0.0,10004.2
36,239,0.0,0.0,0.0,0.0,10004.2
36,240,0.0,0.0,0.0,0.0,10004.2
36,241,0.0,0.0,0.0,0.0,10004.2
36,242,0.0,0.0,0.0,0.0,10004.2
36,243,0.0,0.0,0.0,0.0,10004.2
36,244,0.0,0.0,0.0,0.0,10004.2
36,245,0.0,0.0,0.0,0.0,10004.2
36,246,0.0,0.0,0.0,0.0,10004.2
37,235,0.0,0.0,0.0,0.0,9878.0
37,236,0.0,0.0,0.0,0.0,9878.0
37,237,0.0,0.0,0.0,0.0,9878.0
37,238,0.0,0.0,0.0,0.0,9878.0
37,239,0.0,0.0,0.0,0.0,9878.0
37,240,0.0,0.0,0.0,0.0,9878.0
37,241,0.0,0.0,0.0,0.0,9878.0
37,242,0.0,0.0,0.0,0.0,9878.0
37,243,0.0,0.0,0.0,0.0,9878.0
37,244,0.0,0.0,0.0,0.0,9878.0
37,245,0.0,0.0,0.0,0.0,9878.0
37,246,0.0,0.0,0.0,0.0,9878.0
38,235,0.0,0.0,0.0,0.0,9748.8
38,236,0.0,0.0,0.0,0.0,9748.8
38,237,0.0,0.0,0.0,2275.0,9748.8
38,238,0.0,2455.8,0.0,4551.4,9748.8
38,239,0.0,356.8,0.0,4788.4,9748.8
38,240,0.0,0.0,0.0,2419.1,9748.8
38,241,0.0,0.0,0.0,0.0,9748.8
38,242,0.0,0.0,0.0,0.0,9748.8
38,243,0.0,0.0,0.0,0.0,9748.8
38,244,0.0,0.0,0.0,0.0,9748.8
38,245,0.0,0.0,0.0,0.0,9748.8
38,246,0.0,0.0,0.0,0.0,9748.8
39,235,0.0,0.0,0.0,0.0,9616.6
39,236,0.0,0.0,0.0,0.0,9616.6
39,237,0.0,3008.7,0.0,4808.3,9616.6
39,238,0.0,9459.4,0.0,9616.6,9616.6
39,239,0.0,8407.1,0.0,9616.6,9616.6
39,240,0.0,2242.3,0.0,4789.7,9616.6
39,241,0.0,0.0,0.0,0.0,9616.6
39,242,0.0,0.0,0.0,0.0,9616.6
39,243,0.0,0.0,0.0,0.0,9616.6
39,244,0.0,0.0,0.0,0.0,9616.6
39,245,0.0,0.0,0.0,0.0,9616.6
39,246,0.0,0.0,0.0,0.0,9616.6
40,235,0.0,0.0,0.0,0.0,9481.4
40,236,0.0,0.0,0.0,0.0,9481.4
40,237,0.0,3848.1,0.0,4740.7,9481.4
40,238,0.0,9481.4,0.0,9481.4,9481.4
40,239,0.0,8559.9,0.0,9481.4,9481.4
40,240,0.0,2142.3,0.0,4736.8,9481.4
40,241,0.0,0.0,0.0,0.0,9481.4
40,242,0.0,0.0,0.0,0.0,9481.4
40,243,0.0,0.0,0.0,0.0,9481.4
40,244,0.0,0.0,0.0,0.0,9481.4
40,245,0.0,0.0,0.0,0.0,9481.4
40,246,0.0,0.0,0.0,0.0,9481.4
41,235,0.0,0.0,0.0,0.0,9343.2
41,236,0.0,0.0,0.0,0.0,9343.2
41,237,0.0,841.0,0.0,4671.2,9343.2
41,238,0.0,8843.0,0.0,9343.2,9343.2
41,239,0.0,7066.4,0.0,9343.2,9343.2
41,240,0.0,1292.2,0.0,4671.2,9343.2
41,241,0.0,0.0,0.0,0.0,9343.2
41,242,0.0,0.0,0.0,0.0,9343.2
41,243,0.0,0.0,0.0,0.0,9343.2
41,244,0.0,0.0,0.0,0.0,9343.2
41,245,0.0,0.0,0.0,0.0,9343.2
41,246,0.0,0.0,0.0,0.0,9343.2
42,235,0.0,0.0,0.0,0.0,9202.2
42,236,0.0,0.0,0.0,0.0,9202.2
42,237,0.0,0.0,0.0,9.4,9202.2
42,238,0.0,247.1,0.0,63.2,9202.2
42,239,0.0,1346.6,0.0,63.2,9202.2
42,240,0.0,1168.0,0.0,9.4,9202.2
42,241,0.0,0.0,0.0,0.0,9202.2
42,242,0.0,0.0,0.0,0.0,9202.2
42,243,0.0,0.0,0.0,0.0,9202.2
42,244,0.0,0.0,0.0,0.0,9202.2
42,245,0.0,0.0,0.0,0.0,9202.2
42,246,0.0,0.0,0.0,0.0,9202.2
