year,model,nino34_NDJ_model,ONI_NDJ,n_mem,NorCal_d2_DJF_pct,NorCal_d2_JFM_pct,SoCal_d6_DJF_pct,SoCal_d6_JFM_pct
1982,CMC1-CanCM3,2.0,2.12,10,120.0,124.0,153.0,151.0
1997,CMC1-CanCM3,2.44,2.37,10,105.0,110.0,96.0,109.0
2015,CMC1-CanCM3,2.13,2.59,10,100.0,100.0,99.0,94.0
1982,CMC2-CanCM4,2.25,2.12,10,113.0,111.0,173.0,177.0
1997,CMC2-CanCM4,3.1,2.37,10,108.0,124.0,160.0,178.0
2015,CMC2-CanCM4,2.79,2.59,10,125.0,122.0,190.0,177.0
1982,COLA-RSMAS-CCSM4,1.92,2.12,10,129.0,137.0,154.0,146.0
1997,COLA-RSMAS-CCSM4,2.54,2.37,10,124.0,128.0,162.0,159.0
2015,COLA-RSMAS-CCSM4,1.78,2.59,10,129.0,124.0,161.0,168.0
2023,COLA-RSMAS-CCSM4,1.67,1.99,10,113.0,116.0,147.0,146.0
2026,COLA-RSMAS-CCSM4,2.84,,10,124.0,133.0,171.0,177.0
1982,COLA-RSMAS-CESM1,2.49,2.12,10,127.0,129.0,181.0,178.0
1997,COLA-RSMAS-CESM1,3.48,2.37,10,147.0,152.0,183.0,183.0
2015,COLA-RSMAS-CESM1,2.3,2.59,10,116.0,113.0,156.0,151.0
2023,COLA-RSMAS-CESM1,2.13,1.99,10,108.0,120.0,150.0,172.0
2026,COLA-RSMAS-CESM1,3.97,,10,121.0,127.0,220.0,205.0
1982,CanSIPS-IC3,2.4,2.12,20,122.0,123.0,187.0,206.0
1997,CanSIPS-IC3,3.1,2.37,20,146.0,138.0,191.0,205.0
2015,CanSIPS-IC3,2.89,2.59,20,155.0,157.0,197.0,205.0
2023,CanSIPS-IC3,1.91,1.99,20,103.0,103.0,95.0,97.0
1997,CanSIPS-IC4,3.04,2.37,40,139.0,141.0,224.0,243.0
2015,CanSIPS-IC4,2.75,2.59,40,117.0,123.0,143.0,160.0
2023,CanSIPS-IC4,2.12,1.99,40,100.0,103.0,125.0,133.0
2026,CanSIPS-IC4,3.84,,40,147.0,146.0,201.0,198.0
1982,CanSIPSv2,2.08,2.12,20,124.0,133.0,177.0,184.0
1997,CanSIPSv2,2.87,2.37,20,134.0,127.0,184.0,182.0
2015,CanSIPSv2,2.49,2.59,20,129.0,131.0,173.0,174.0
1997,GFDL-SPEAR,2.6,2.37,15,162.0,159.0,231.0,221.0
2015,GFDL-SPEAR,2.24,2.59,15,114.0,101.0,129.0,133.0
2023,GFDL-SPEAR,1.84,1.99,30,98.0,99.0,98.0,103.0
1982,NASA-GEOSS2S,2.68,2.12,4,132.0,131.0,160.0,191.0
1997,NASA-GEOSS2S,3.8,2.37,4,152.0,161.0,152.0,169.0
2015,NASA-GEOSS2S,3.18,2.59,4,152.0,163.0,149.0,174.0
2023,NASA-GEOSS2S,1.97,1.99,10,81.0,86.0,71.0,87.0
2026,NASA-GEOSS2S,4.59,,10,115.0,122.0,119.0,133.0
1982,NCAR-CESM1,1.98,2.12,10,106.0,113.0,139.0,152.0
1997,NCAR-CESM1,2.63,2.37,10,122.0,124.0,126.0,122.0
1982,NCEP-CFSv2,2.21,2.12,24,115.0,123.0,141.0,154.0
1997,NCEP-CFSv2,2.99,2.37,24,137.0,136.0,148.0,151.0
2015,NCEP-CFSv2,2.33,2.59,32,118.0,116.0,130.0,128.0
2023,NCEP-CFSv2,1.57,1.99,8,118.0,126.0,147.0,157.0
2026,NCEP-CFSv2,3.29,,9,112.0,102.0,123.0,110.0
