model,region,season,nino34_NDJ_model,pct_normal,z_member_sd,frac_members_above_normal,n_mem
COLA-RSMAS-CCSM4,NorCal_box,DJF,2.844,124.717,0.632,0.700,10
COLA-RSMAS-CCSM4,NorCal_box,JFM,2.844,134.312,0.890,0.900,10
COLA-RSMAS-CCSM4,NorCal_d2,DJF,2.844,123.683,0.608,0.700,10
COLA-RSMAS-CCSM4,NorCal_d2,JFM,2.844,133.462,0.869,0.900,10
COLA-RSMAS-CCSM4,SoCal_box,DJF,2.844,165.223,1.106,0.800,10
COLA-RSMAS-CCSM4,SoCal_box,JFM,2.844,173.736,1.401,0.900,10
COLA-RSMAS-CCSM4,SoCal_d6,DJF,2.844,170.790,1.187,0.800,10
COLA-RSMAS-CCSM4,SoCal_d6,JFM,2.844,177.332,1.438,0.900,10
COLA-RSMAS-CESM1,NorCal_box,DJF,3.975,122.483,0.500,0.800,10
COLA-RSMAS-CESM1,NorCal_box,JFM,3.975,128.298,0.637,0.800,10
COLA-RSMAS-CESM1,NorCal_d2,DJF,3.975,120.745,0.465,0.800,10
COLA-RSMAS-CESM1,NorCal_d2,JFM,3.975,126.577,0.602,0.800,10
COLA-RSMAS-CESM1,SoCal_box,DJF,3.975,221.434,1.806,1.000,10
COLA-RSMAS-CESM1,SoCal_box,JFM,3.975,204.401,1.676,1.000,10
COLA-RSMAS-CESM1,SoCal_d6,DJF,3.975,220.323,1.735,1.000,10
COLA-RSMAS-CESM1,SoCal_d6,JFM,3.975,205.128,1.633,1.000,10
CanSIPS-IC4,NorCal_box,DJF,3.842,148.413,0.992,0.825,40
CanSIPS-IC4,NorCal_box,JFM,3.842,147.349,0.948,0.850,40
CanSIPS-IC4,NorCal_d2,DJF,3.842,147.489,0.980,0.825,40
CanSIPS-IC4,NorCal_d2,JFM,3.842,146.415,0.936,0.850,40
CanSIPS-IC4,SoCal_box,DJF,3.842,195.428,1.402,0.800,40
CanSIPS-IC4,SoCal_box,JFM,3.842,192.806,1.272,0.850,40
CanSIPS-IC4,SoCal_d6,DJF,3.842,201.229,1.356,0.725,40
CanSIPS-IC4,SoCal_d6,JFM,3.842,197.905,1.250,0.775,40
NASA-GEOSS2S,NorCal_box,DJF,4.589,114.406,0.329,0.500,10
NASA-GEOSS2S,NorCal_box,JFM,4.589,121.457,0.473,0.800,10
NASA-GEOSS2S,NorCal_d2,DJF,4.589,115.070,0.344,0.600,10
NASA-GEOSS2S,NorCal_d2,JFM,4.589,121.949,0.484,0.800,10
NASA-GEOSS2S,SoCal_box,DJF,4.589,119.639,0.367,0.400,10
NASA-GEOSS2S,SoCal_box,JFM,4.589,132.017,0.561,0.800,10
NASA-GEOSS2S,SoCal_d6,DJF,4.589,119.058,0.345,0.500,10
NASA-GEOSS2S,SoCal_d6,JFM,4.589,132.949,0.566,0.800,10
NCEP-CFSv2,NorCal_box,DJF,3.294,112.408,0.338,0.778,9
NCEP-CFSv2,NorCal_box,JFM,3.294,101.692,0.049,0.700,10
NCEP-CFSv2,NorCal_d2,DJF,3.294,112.178,0.332,0.778,9
NCEP-CFSv2,NorCal_d2,JFM,3.294,101.651,0.048,0.700,10
NCEP-CFSv2,SoCal_box,DJF,3.294,122.691,0.483,0.667,9
NCEP-CFSv2,SoCal_box,JFM,3.294,107.270,0.158,0.700,10
NCEP-CFSv2,SoCal_d6,DJF,3.294,122.696,0.471,0.778,9
NCEP-CFSv2,SoCal_d6,JFM,3.294,110.033,0.214,0.700,10
