,climatology_period
CMC1-CanCM3,"1991-2020 target (Sep-init years 1990-2018, n=29)"
CMC2-CanCM4,"1991-2020 target (Sep-init years 1990-2018, n=29)"
COLA-RSMAS-CCSM4,split 1982-1998 / 1999-2019 Sep-init years
COLA-RSMAS-CESM1,split 1982-1998 / 1999-2019 Sep-init years
CanSIPS-IC3,"1991-2020 target (Sep-init years 1990-2019, n=30)"
CanSIPS-IC4,"1991-2020 target (Sep-init years 1990-2019, n=30)"
CanSIPSv2,"1991-2020 target (Sep-init years 1990-2019, n=30)"
GFDL-SPEAR,"1991-2020 target (Sep-init years 1991-2019, n=29)"
NASA-GEOSS2S,"1991-2020 target (Sep-init years 1990-2019, n=30)"
NCAR-CESM1,"1991-2020 target (Sep-init years 1990-2016, n=22)"
NCEP-CFSv2,split 1982-1998 / 1999-2019 Sep-init years
