model,region,season,years,n,model_slope_pct_per_C,model_slope_se,model_r,model_slope_z_per_C,obs_slope_ONI_sameyrs,obs_slope_ONI_sameyrs_se,obs_slope_RONI_sameyrs,obs_slope_ONI_1950_2025,ratio_vs_obs_sameyrs,ratio_vs_obs_1950_2025,nino34_corr_model_vs_ONI,precip_skill_r
CMC1-CanCM3,NorCal_box,DJF,1981-2018,38,0.607,1.553,0.065,0.021,7.569,5.949,7.032,6.923,0.080,0.088,0.935,0.151
CMC1-CanCM3,NorCal_box,JFM,1981-2018,38,-0.409,1.673,-0.041,-0.015,9.326,6.600,9.070,10.931,-0.044,-0.037,0.935,0.168
CMC1-CanCM3,NorCal_d2,DJF,1981-2018,38,0.436,1.510,0.048,0.016,7.569,5.949,7.032,6.923,0.058,0.063,0.935,0.146
CMC1-CanCM3,NorCal_d2,JFM,1981-2018,38,-0.589,1.638,-0.060,-0.021,9.326,6.600,9.070,10.931,-0.063,-0.054,0.935,0.162
CMC1-CanCM3,SoCal_box,DJF,1981-2018,38,3.271,2.611,0.204,0.072,15.851,8.403,16.740,17.102,0.206,0.191,0.935,0.231
CMC1-CanCM3,SoCal_box,JFM,1981-2018,38,3.042,2.504,0.198,0.072,21.809,8.485,23.715,23.845,0.139,0.128,0.935,0.277
CMC1-CanCM3,SoCal_d6,DJF,1981-2018,38,3.545,2.655,0.217,0.080,15.851,8.403,16.740,17.102,0.224,0.207,0.935,0.242
CMC1-CanCM3,SoCal_d6,JFM,1981-2018,38,3.263,2.497,0.213,0.079,21.809,8.485,23.715,23.845,0.150,0.137,0.935,0.305
CMC2-CanCM4,NorCal_box,DJF,1981-2018,38,5.735,1.702,0.490,0.146,7.569,5.949,7.032,6.923,0.758,0.828,0.941,0.003
CMC2-CanCM4,NorCal_box,JFM,1981-2018,38,5.967,1.470,0.560,0.161,9.326,6.600,9.070,10.931,0.640,0.546,0.941,0.136
CMC2-CanCM4,NorCal_d2,DJF,1981-2018,38,5.268,1.695,0.460,0.136,7.569,5.949,7.032,6.923,0.696,0.761,0.941,-0.007
CMC2-CanCM4,NorCal_d2,JFM,1981-2018,38,5.455,1.459,0.529,0.150,9.326,6.600,9.070,10.931,0.585,0.499,0.941,0.131
CMC2-CanCM4,SoCal_box,DJF,1981-2018,38,22.626,2.281,0.856,0.356,15.851,8.403,16.740,17.102,1.427,1.323,0.941,0.284
CMC2-CanCM4,SoCal_box,JFM,1981-2018,38,24.741,2.320,0.872,0.380,21.809,8.485,23.715,23.845,1.134,1.038,0.941,0.374
CMC2-CanCM4,SoCal_d6,DJF,1981-2018,38,22.075,2.134,0.865,0.354,15.851,8.403,16.740,17.102,1.393,1.291,0.941,0.312
CMC2-CanCM4,SoCal_d6,JFM,1981-2018,38,23.835,2.119,0.882,0.372,21.809,8.485,23.715,23.845,1.093,1.000,0.941,0.393
COLA-RSMAS-CCSM4,NorCal_box,DJF,1982-2025,44,9.740,1.865,0.627,0.254,7.408,5.403,7.174,6.923,1.315,1.407,0.870,0.292
COLA-RSMAS-CCSM4,NorCal_box,JFM,1982-2025,44,11.246,1.763,0.701,0.296,10.250,6.240,10.694,10.931,1.097,1.029,0.870,0.204
COLA-RSMAS-CCSM4,NorCal_d2,DJF,1982-2025,44,9.481,1.861,0.618,0.248,7.408,5.403,7.174,6.923,1.280,1.369,0.870,0.290
COLA-RSMAS-CCSM4,NorCal_d2,JFM,1982-2025,44,11.031,1.747,0.698,0.290,10.250,6.240,10.694,10.931,1.076,1.009,0.870,0.205
COLA-RSMAS-CCSM4,SoCal_box,DJF,1982-2025,44,19.753,2.857,0.730,0.352,15.412,7.653,16.262,17.102,1.282,1.155,0.870,0.281
COLA-RSMAS-CCSM4,SoCal_box,JFM,1982-2025,44,19.227,2.529,0.761,0.379,21.824,8.032,23.367,23.845,0.881,0.806,0.870,0.368
COLA-RSMAS-CCSM4,SoCal_d6,DJF,1982-2025,44,21.188,2.889,0.749,0.373,15.412,7.653,16.262,17.102,1.375,1.239,0.870,0.280
COLA-RSMAS-CCSM4,SoCal_d6,JFM,1982-2025,44,20.703,2.602,0.775,0.399,21.824,8.032,23.367,23.845,0.949,0.868,0.870,0.357
COLA-RSMAS-CESM1,NorCal_box,DJF,1982-2025,44,10.292,1.784,0.665,0.236,7.408,5.403,7.174,6.923,1.389,1.487,0.905,0.138
COLA-RSMAS-CESM1,NorCal_box,JFM,1982-2025,44,12.172,1.735,0.734,0.280,10.250,6.240,10.694,10.931,1.188,1.114,0.905,0.194
COLA-RSMAS-CESM1,NorCal_d2,DJF,1982-2025,44,9.933,1.764,0.656,0.229,7.408,5.403,7.174,6.923,1.341,1.435,0.905,0.137
COLA-RSMAS-CESM1,NorCal_d2,JFM,1982-2025,44,11.796,1.724,0.726,0.273,10.250,6.240,10.694,10.931,1.151,1.079,0.905,0.192
COLA-RSMAS-CESM1,SoCal_box,DJF,1982-2025,44,24.728,2.394,0.847,0.385,15.412,7.653,16.262,17.102,1.604,1.446,0.905,0.313
COLA-RSMAS-CESM1,SoCal_box,JFM,1982-2025,44,25.338,2.231,0.869,0.421,21.824,8.032,23.367,23.845,1.161,1.063,0.905,0.382
COLA-RSMAS-CESM1,SoCal_d6,DJF,1982-2025,44,25.382,2.464,0.846,0.383,15.412,7.653,16.262,17.102,1.647,1.484,0.905,0.310
COLA-RSMAS-CESM1,SoCal_d6,JFM,1982-2025,44,26.394,2.303,0.870,0.425,21.824,8.032,23.367,23.845,1.209,1.107,0.905,0.381
CanSIPS-IC3,NorCal_box,DJF,1980-2023,44,7.742,1.518,0.618,0.183,7.623,5.432,7.628,6.923,1.016,1.118,0.961,0.118
CanSIPS-IC3,NorCal_box,JFM,1980-2023,44,6.228,1.474,0.546,0.150,9.929,6.251,10.414,10.931,0.627,0.570,0.961,0.162
CanSIPS-IC3,NorCal_d2,DJF,1980-2023,44,7.452,1.508,0.606,0.177,7.623,5.432,7.628,6.923,0.978,1.076,0.961,0.114
CanSIPS-IC3,NorCal_d2,JFM,1980-2023,44,5.849,1.454,0.527,0.142,9.929,6.251,10.414,10.931,0.589,0.535,0.961,0.156
CanSIPS-IC3,SoCal_box,DJF,1980-2023,44,21.234,2.404,0.806,0.316,15.485,7.678,16.129,17.102,1.371,1.242,0.961,0.241
CanSIPS-IC3,SoCal_box,JFM,1980-2023,44,23.508,2.440,0.830,0.350,21.440,8.067,23.175,23.845,1.096,0.986,0.961,0.357
CanSIPS-IC3,SoCal_d6,DJF,1980-2023,44,21.141,2.423,0.803,0.288,15.485,7.678,16.129,17.102,1.365,1.236,0.961,0.237
CanSIPS-IC3,SoCal_d6,JFM,1980-2023,44,22.866,2.489,0.817,0.308,21.440,8.067,23.175,23.845,1.067,0.959,0.961,0.328
CanSIPS-IC4,NorCal_box,DJF,1990-2025,36,4.484,1.267,0.519,0.092,5.339,6.145,5.633,6.923,0.840,0.648,0.939,0.203
CanSIPS-IC4,NorCal_box,JFM,1990-2025,36,4.872,1.417,0.508,0.098,8.330,6.962,8.682,10.931,0.585,0.446,0.939,0.372
CanSIPS-IC4,NorCal_d2,DJF,1990-2025,36,4.263,1.239,0.508,0.088,5.339,6.145,5.633,6.923,0.798,0.616,0.939,0.191
CanSIPS-IC4,NorCal_d2,JFM,1990-2025,36,4.600,1.388,0.494,0.093,8.330,6.962,8.682,10.931,0.552,0.421,0.939,0.363
CanSIPS-IC4,SoCal_box,DJF,1990-2025,36,19.152,2.816,0.759,0.281,16.529,9.282,18.419,17.102,1.159,1.120,0.939,0.451
CanSIPS-IC4,SoCal_box,JFM,1990-2025,36,24.912,3.127,0.807,0.341,19.284,9.365,21.929,23.845,1.292,1.045,0.939,0.457
CanSIPS-IC4,SoCal_d6,DJF,1990-2025,36,19.218,2.870,0.754,0.257,16.529,9.282,18.419,17.102,1.163,1.124,0.939,0.427
CanSIPS-IC4,SoCal_d6,JFM,1990-2025,36,24.201,3.155,0.796,0.309,19.284,9.365,21.929,23.845,1.255,1.015,0.939,0.452
CanSIPSv2,NorCal_box,DJF,1981-2021,41,5.872,1.518,0.526,0.142,8.293,5.763,8.428,6.923,0.708,0.848,0.951,0.199
CanSIPSv2,NorCal_box,JFM,1981-2021,41,4.935,1.558,0.452,0.120,10.428,6.604,11.200,10.931,0.473,0.451,0.951,0.355
CanSIPSv2,NorCal_d2,DJF,1981-2021,41,5.389,1.507,0.497,0.131,8.293,5.763,8.428,6.923,0.650,0.778,0.951,0.189
CanSIPSv2,NorCal_d2,JFM,1981-2021,41,4.410,1.545,0.416,0.109,10.428,6.604,11.200,10.931,0.423,0.403,0.951,0.350
CanSIPSv2,SoCal_box,DJF,1981-2021,41,22.303,2.332,0.837,0.323,15.821,7.989,17.079,17.102,1.410,1.304,0.951,0.449
CanSIPSv2,SoCal_box,JFM,1981-2021,41,23.483,2.346,0.848,0.350,22.437,8.144,24.820,23.845,1.047,0.985,0.951,0.557
CanSIPSv2,SoCal_d6,DJF,1981-2021,41,21.970,2.262,0.841,0.318,15.821,7.989,17.079,17.102,1.389,1.285,0.951,0.445
CanSIPSv2,SoCal_d6,JFM,1981-2021,41,22.652,2.300,0.845,0.334,22.437,8.144,24.820,23.845,1.010,0.950,0.951,0.547
GFDL-SPEAR,NorCal_box,DJF,1991-2023,33,2.947,2.469,0.210,0.076,6.015,6.158,6.817,6.923,0.490,0.426,0.913,0.155
GFDL-SPEAR,NorCal_box,JFM,1991-2023,33,1.627,2.478,0.117,0.042,7.930,7.302,8.288,10.931,0.205,0.149,0.913,0.183
GFDL-SPEAR,NorCal_d2,DJF,1991-2023,33,2.708,2.436,0.196,0.070,6.015,6.158,6.817,6.923,0.450,0.391,0.913,0.153
GFDL-SPEAR,NorCal_d2,JFM,1991-2023,33,1.357,2.457,0.099,0.035,7.930,7.302,8.288,10.931,0.171,0.124,0.913,0.180
GFDL-SPEAR,SoCal_box,DJF,1991-2023,33,17.476,4.017,0.616,0.298,16.667,9.549,18.766,17.102,1.049,1.022,0.913,0.380
GFDL-SPEAR,SoCal_box,JFM,1991-2023,33,19.254,3.632,0.690,0.336,18.394,9.774,20.984,23.845,1.047,0.807,0.913,0.337
GFDL-SPEAR,SoCal_d6,DJF,1991-2023,33,16.537,3.948,0.601,0.290,16.667,9.549,18.766,17.102,0.992,0.967,0.913,0.368
GFDL-SPEAR,SoCal_d6,JFM,1991-2023,33,17.890,3.518,0.674,0.326,18.394,9.774,20.984,23.845,0.973,0.750,0.913,0.337
NASA-GEOSS2S,NorCal_box,DJF,1981-2025,45,8.631,1.788,0.593,0.197,7.380,5.343,7.171,6.923,1.169,1.247,0.913,0.097
NASA-GEOSS2S,NorCal_box,JFM,1981-2025,45,10.723,1.853,0.662,0.236,10.218,6.170,10.691,10.931,1.049,0.981,0.913,0.138
NASA-GEOSS2S,NorCal_d2,DJF,1981-2025,45,8.444,1.790,0.584,0.193,7.380,5.343,7.171,6.923,1.144,1.220,0.913,0.101
NASA-GEOSS2S,NorCal_d2,JFM,1981-2025,45,10.516,1.856,0.654,0.232,10.218,6.170,10.691,10.931,1.029,0.962,0.913,0.139
NASA-GEOSS2S,SoCal_box,DJF,1981-2025,45,10.482,2.540,0.533,0.196,15.509,7.594,16.274,17.102,0.676,0.613,0.913,0.080
NASA-GEOSS2S,SoCal_box,JFM,1981-2025,45,14.683,2.621,0.650,0.257,21.773,7.945,23.362,23.845,0.674,0.616,0.913,0.278
NASA-GEOSS2S,SoCal_d6,DJF,1981-2025,45,11.831,2.432,0.596,0.214,15.509,7.594,16.274,17.102,0.763,0.692,0.913,0.113
NASA-GEOSS2S,SoCal_d6,JFM,1981-2025,45,16.046,2.585,0.688,0.276,21.773,7.945,23.362,23.845,0.737,0.673,0.913,0.289
NCAR-CESM1,NorCal_box,DJF,1980-2016,32,11.510,2.696,0.615,0.310,5.225,6.629,3.841,6.923,2.203,1.663,0.850,0.034
NCAR-CESM1,NorCal_box,JFM,1980-2016,32,12.010,2.216,0.703,0.343,8.783,7.235,7.866,10.931,1.367,1.099,0.850,-0.034
NCAR-CESM1,NorCal_d2,DJF,1980-2016,32,11.129,2.684,0.604,0.302,5.225,6.629,3.841,6.923,2.130,1.608,0.850,0.032
NCAR-CESM1,NorCal_d2,JFM,1980-2016,32,11.610,2.212,0.692,0.334,8.783,7.235,7.866,10.931,1.322,1.062,0.850,-0.040
NCAR-CESM1,SoCal_box,DJF,1980-2016,32,24.807,3.804,0.766,0.415,18.306,9.401,17.080,17.102,1.355,1.451,0.850,-0.014
NCAR-CESM1,SoCal_box,JFM,1980-2016,32,24.683,3.557,0.785,0.450,27.143,9.235,26.852,23.845,0.909,1.035,0.850,0.178
NCAR-CESM1,SoCal_d6,DJF,1980-2016,32,24.815,3.705,0.774,0.418,18.306,9.401,17.080,17.102,1.356,1.451,0.850,-0.017
NCAR-CESM1,SoCal_d6,JFM,1980-2016,32,24.837,3.416,0.799,0.454,27.143,9.235,26.852,23.845,0.915,1.042,0.850,0.172
NCEP-CFSv2,NorCal_box,DJF,1982-2025,44,6.043,1.082,0.653,0.165,7.408,5.403,7.174,6.923,0.816,0.873,0.854,0.304
NCEP-CFSv2,NorCal_box,JFM,1982-2025,44,7.918,1.179,0.720,0.228,10.250,6.240,10.694,10.931,0.772,0.724,0.854,0.250
NCEP-CFSv2,NorCal_d2,DJF,1982-2025,44,5.844,1.070,0.644,0.160,7.408,5.403,7.174,6.923,0.789,0.844,0.854,0.302
NCEP-CFSv2,NorCal_d2,JFM,1982-2025,44,7.687,1.170,0.712,0.221,10.250,6.240,10.694,10.931,0.750,0.703,0.854,0.250
NCEP-CFSv2,SoCal_box,DJF,1982-2025,44,13.517,1.484,0.815,0.288,15.412,7.653,16.262,17.102,0.877,0.790,0.854,0.345
NCEP-CFSv2,SoCal_box,JFM,1982-2025,44,17.398,1.600,0.859,0.372,21.824,8.032,23.367,23.845,0.797,0.730,0.854,0.306
NCEP-CFSv2,SoCal_d6,DJF,1982-2025,44,14.461,1.477,0.834,0.300,15.412,7.653,16.262,17.102,0.938,0.846,0.854,0.348
NCEP-CFSv2,SoCal_d6,JFM,1982-2025,44,18.130,1.604,0.868,0.380,21.824,8.032,23.367,23.845,0.831,0.760,0.854,0.305
