winter,decyear,season,region,precip_in,pct_normal_9120,z_9120,ONI_NDJ,RONI_NDJ
1950-51,1950,DJF,SoCal_d6,4.530,42.039,-0.882,-0.790,-0.500
1951-52,1951,DJF,SoCal_d6,16.410,152.288,0.796,0.710,0.710
1952-53,1952,DJF,SoCal_d6,6.170,57.259,-0.650,0.060,0.100
1953-54,1953,DJF,SoCal_d6,8.920,82.779,-0.262,0.560,0.660
1954-55,1954,DJF,SoCal_d6,8.440,78.325,-0.330,-0.440,-0.180
1955-56,1955,DJF,SoCal_d6,9.560,88.718,-0.172,-1.510,-1.310
1956-57,1956,DJF,SoCal_d6,8.590,79.717,-0.309,-0.390,-0.170
1957-58,1957,DJF,SoCal_d6,13.090,121.477,0.327,1.620,1.750
1958-59,1958,DJF,SoCal_d6,7.420,68.859,-0.474,0.560,0.640
1959-60,1959,DJF,SoCal_d6,8.910,82.686,-0.263,0.140,0.220
1960-61,1960,DJF,SoCal_d6,1.860,17.261,-1.259,-0.070,-0.090
1961-62,1961,DJF,SoCal_d6,16.380,152.009,0.791,-0.050,0.020
1962-63,1962,DJF,SoCal_d6,5.320,49.370,-0.770,-0.320,-0.370
1963-64,1963,DJF,SoCal_d6,2.690,24.964,-1.142,1.130,1.070
1964-65,1964,DJF,SoCal_d6,4.040,37.492,-0.951,-0.750,-0.480
1965-66,1965,DJF,SoCal_d6,8.410,78.046,-0.334,1.600,1.810
1966-67,1966,DJF,SoCal_d6,11.530,107.000,0.107,-0.350,-0.220
1967-68,1967,DJF,SoCal_d6,4.240,39.348,-0.923,-0.420,-0.030
1968-69,1968,DJF,SoCal_d6,26.170,242.862,2.174,0.930,1.020
1969-70,1969,DJF,SoCal_d6,4.960,46.030,-0.821,0.710,0.680
1970-71,1970,DJF,SoCal_d6,6.640,61.620,-0.584,-1.100,-0.850
1971-72,1971,DJF,SoCal_d6,7.080,65.704,-0.522,-0.780,-0.380
1972-73,1972,DJF,SoCal_d6,13.470,125.004,0.380,1.770,1.880
1973-74,1973,DJF,SoCal_d6,8.610,79.902,-0.306,-2.040,-1.910
1974-75,1974,DJF,SoCal_d6,7.410,68.766,-0.475,-0.710,-0.350
1975-76,1975,DJF,SoCal_d6,6.190,57.444,-0.648,-1.580,-1.110
1976-77,1976,DJF,SoCal_d6,5.070,47.050,-0.806,0.840,1.080
1977-78,1977,DJF,SoCal_d6,22.850,212.052,1.705,0.820,1.050
1978-79,1978,DJF,SoCal_d6,13.430,124.633,0.375,0.110,0.270
1979-80,1979,DJF,SoCal_d6,21.630,200.730,1.533,0.640,0.640
1980-81,1980,DJF,SoCal_d6,6.150,57.073,-0.653,-0.050,0.090
1981-82,1981,DJF,SoCal_d6,6.180,57.351,-0.649,-0.140,-0.080
1982-83,1982,DJF,SoCal_d6,14.800,137.346,0.568,2.120,2.360
1983-84,1983,DJF,SoCal_d6,4.040,37.492,-0.951,-0.890,-0.960
1984-85,1984,DJF,SoCal_d6,8.530,79.160,-0.317,-1.060,-0.930
1985-86,1985,DJF,SoCal_d6,8.860,82.222,-0.271,-0.360,-0.210
1986-87,1986,DJF,SoCal_d6,5.110,47.422,-0.800,1.210,1.420
1987-88,1987,DJF,SoCal_d6,8.060,74.798,-0.383,1.000,0.800
1988-89,1988,DJF,SoCal_d6,7.170,66.539,-0.509,-1.850,-1.940
1989-90,1989,DJF,SoCal_d6,5.780,53.639,-0.705,-0.040,0.060
1990-91,1990,DJF,SoCal_d6,5.370,49.835,-0.763,0.340,0.430
1991-92,1991,DJF,SoCal_d6,14.840,137.718,0.574,1.430,1.970
1992-93,1992,DJF,SoCal_d6,28.080,260.587,2.444,-0.050,0.350
1993-94,1993,DJF,SoCal_d6,7.840,72.757,-0.415,0.190,0.420
1994-95,1994,DJF,SoCal_d6,19.080,177.066,1.173,0.970,1.280
1995-96,1995,DJF,SoCal_d6,10.190,94.565,-0.083,-1.010,-0.990
1996-97,1996,DJF,SoCal_d6,10.710,99.391,-0.009,-0.410,-0.290
1997-98,1997,DJF,SoCal_d6,25.160,233.489,2.031,2.370,2.280
1998-99,1998,DJF,SoCal_d6,4.130,38.327,-0.938,-1.470,-1.610
1999-00,1999,DJF,SoCal_d6,8.380,77.768,-0.338,-1.530,-1.560
2000-01,2000,DJF,SoCal_d6,11.400,105.794,0.088,-0.780,-0.820
2001-02,2001,DJF,SoCal_d6,2.620,24.314,-1.152,-0.320,-0.320
2002-03,2002,DJF,SoCal_d6,9.130,84.728,-0.232,1.080,1.130
2003-04,2003,DJF,SoCal_d6,7.760,72.014,-0.426,0.290,0.220
2004-05,2004,DJF,SoCal_d6,24.870,230.798,1.990,0.710,0.690
2005-06,2005,DJF,SoCal_d6,5.990,55.588,-0.676,-0.820,-0.810
2006-07,2006,DJF,SoCal_d6,3.900,36.193,-0.971,0.880,0.890
2007-08,2007,DJF,SoCal_d6,13.130,121.849,0.332,-1.720,-1.650
2008-09,2008,DJF,SoCal_d6,8.960,83.150,-0.256,-0.790,-0.860
2009-10,2009,DJF,SoCal_d6,15.700,145.699,0.695,1.500,1.500
2010-11,2010,DJF,SoCal_d6,15.240,141.430,0.630,-1.480,-1.550
2011-12,2011,DJF,SoCal_d6,2.760,25.613,-1.132,-0.920,-0.960
2012-13,2012,DJF,SoCal_d6,5.050,46.865,-0.809,-0.030,-0.270
2013-14,2013,DJF,SoCal_d6,3.320,30.810,-1.053,-0.110,-0.270
2014-15,2014,DJF,SoCal_d6,7.160,66.446,-0.511,0.800,0.620
2015-16,2015,DJF,SoCal_d6,6.510,60.414,-0.602,2.590,2.250
2016-17,2016,DJF,SoCal_d6,19.700,182.819,1.260,-0.370,-0.890
2017-18,2017,DJF,SoCal_d6,3.240,30.068,-1.064,-0.760,-1.140
2018-19,2018,DJF,SoCal_d6,16.130,149.689,0.756,1.050,0.780
2019-20,2019,DJF,SoCal_d6,5.790,53.732,-0.704,0.750,0.220
2020-21,2020,DJF,SoCal_d6,4.850,45.009,-0.837,-1.060,-1.390
2021-22,2021,DJF,SoCal_d6,8.290,76.933,-0.351,-0.830,-1.220
2022-23,2022,DJF,SoCal_d6,18.680,173.354,1.116,-0.700,-0.990
2023-24,2023,DJF,SoCal_d6,15.830,146.905,0.714,1.990,1.400
2024-25,2024,DJF,SoCal_d6,4.290,39.812,-0.916,-0.430,-1.050
2025-26,2025,DJF,SoCal_d6,12.030,111.640,0.177,-0.600,-1.040
1950-51,1950,DJF,SoCal_d67,1.927,38.384,-0.883,-0.790,-0.500
1951-52,1951,DJF,SoCal_d67,7.105,141.545,0.595,0.710,0.710
1952-53,1952,DJF,SoCal_d67,2.785,55.482,-0.638,0.060,0.100
1953-54,1953,DJF,SoCal_d67,4.176,83.202,-0.241,0.560,0.660
1954-55,1954,DJF,SoCal_d67,3.742,74.547,-0.365,-0.440,-0.180
1955-56,1955,DJF,SoCal_d67,3.792,75.540,-0.351,-1.510,-1.310
1956-57,1956,DJF,SoCal_d67,3.664,72.999,-0.387,-0.390,-0.170
1957-58,1957,DJF,SoCal_d67,5.500,109.576,0.137,1.620,1.750
1958-59,1958,DJF,SoCal_d67,3.071,61.182,-0.556,0.560,0.640
1959-60,1959,DJF,SoCal_d67,4.645,92.528,-0.107,0.140,0.220
1960-61,1960,DJF,SoCal_d67,0.896,17.852,-1.177,-0.070,-0.090
1961-62,1961,DJF,SoCal_d67,6.400,127.491,0.394,-0.050,0.020
1962-63,1962,DJF,SoCal_d67,2.694,53.668,-0.664,-0.320,-0.370
1963-64,1963,DJF,SoCal_d67,0.990,19.721,-1.150,1.130,1.070
1964-65,1964,DJF,SoCal_d67,1.566,31.193,-0.986,-0.750,-0.480
1965-66,1965,DJF,SoCal_d67,4.494,89.522,-0.150,1.600,1.810
1966-67,1966,DJF,SoCal_d67,4.889,97.398,-0.037,-0.350,-0.220
1967-68,1967,DJF,SoCal_d67,2.252,44.854,-0.790,-0.420,-0.030
1968-69,1968,DJF,SoCal_d67,11.036,219.860,1.718,0.930,1.020
1969-70,1969,DJF,SoCal_d67,2.334,46.497,-0.767,0.710,0.680
1970-71,1970,DJF,SoCal_d67,2.496,49.725,-0.720,-1.100,-0.850
1971-72,1971,DJF,SoCal_d67,2.815,56.072,-0.630,-0.780,-0.380
1972-73,1972,DJF,SoCal_d67,5.478,109.133,0.131,1.770,1.880
1973-74,1973,DJF,SoCal_d67,3.942,78.538,-0.308,-2.040,-1.910
1974-75,1974,DJF,SoCal_d67,2.811,55.993,-0.631,-0.710,-0.350
1975-76,1975,DJF,SoCal_d67,3.481,69.337,-0.439,-1.580,-1.110
1976-77,1976,DJF,SoCal_d67,2.186,43.547,-0.809,0.840,1.080
1977-78,1977,DJF,SoCal_d67,10.934,217.828,1.689,0.820,1.050
1978-79,1978,DJF,SoCal_d67,6.273,124.967,0.358,0.110,0.270
1979-80,1979,DJF,SoCal_d67,10.466,208.492,1.555,0.640,0.640
1980-81,1980,DJF,SoCal_d67,2.636,52.513,-0.681,-0.050,0.090
1981-82,1981,DJF,SoCal_d67,2.833,56.437,-0.624,-0.140,-0.080
1982-83,1982,DJF,SoCal_d67,7.271,144.851,0.643,2.120,2.360
1983-84,1983,DJF,SoCal_d67,2.052,40.869,-0.847,-0.890,-0.960
1984-85,1984,DJF,SoCal_d67,4.690,93.425,-0.094,-1.060,-0.930
1985-86,1985,DJF,SoCal_d67,4.291,85.484,-0.208,-0.360,-0.210
1986-87,1986,DJF,SoCal_d67,2.689,53.567,-0.665,1.210,1.420
1987-88,1987,DJF,SoCal_d67,4.106,81.794,-0.261,1.000,0.800
1988-89,1988,DJF,SoCal_d67,3.087,61.493,-0.552,-1.850,-1.940
1989-90,1989,DJF,SoCal_d67,2.387,47.561,-0.752,-0.040,0.060
1990-91,1990,DJF,SoCal_d67,2.714,54.060,-0.658,0.340,0.430
1991-92,1991,DJF,SoCal_d67,7.288,145.195,0.648,1.430,1.970
1992-93,1992,DJF,SoCal_d67,14.047,279.833,2.577,-0.050,0.350
1993-94,1993,DJF,SoCal_d67,2.967,59.116,-0.586,0.190,0.420
1994-95,1994,DJF,SoCal_d67,9.069,180.674,1.156,0.970,1.280
1995-96,1995,DJF,SoCal_d67,4.080,81.287,-0.268,-1.010,-0.990
1996-97,1996,DJF,SoCal_d67,4.175,83.179,-0.241,-0.410,-0.290
1997-98,1997,DJF,SoCal_d67,10.778,214.707,1.644,2.370,2.280
1998-99,1998,DJF,SoCal_d67,1.716,34.195,-0.943,-1.470,-1.610
1999-00,1999,DJF,SoCal_d67,3.310,65.943,-0.488,-1.530,-1.560
2000-01,2000,DJF,SoCal_d67,5.473,109.021,0.129,-0.780,-0.820
2001-02,2001,DJF,SoCal_d67,0.988,19.687,-1.151,-0.320,-0.320
2002-03,2002,DJF,SoCal_d67,4.394,87.537,-0.179,1.080,1.130
2003-04,2003,DJF,SoCal_d67,4.049,80.656,-0.277,0.290,0.220
2004-05,2004,DJF,SoCal_d67,12.696,252.929,2.192,0.710,0.690
2005-06,2005,DJF,SoCal_d67,2.408,47.965,-0.746,-0.820,-0.810
2006-07,2006,DJF,SoCal_d67,1.449,28.857,-1.020,0.880,0.890
2007-08,2007,DJF,SoCal_d67,5.821,115.967,0.229,-1.720,-1.650
2008-09,2008,DJF,SoCal_d67,4.346,86.569,-0.192,-0.790,-0.860
2009-10,2009,DJF,SoCal_d67,8.194,163.234,0.906,1.500,1.500
2010-11,2010,DJF,SoCal_d67,7.005,139.555,0.567,-1.480,-1.550
2011-12,2011,DJF,SoCal_d67,1.394,27.768,-1.035,-0.920,-0.960
2012-13,2012,DJF,SoCal_d67,2.454,48.894,-0.732,-0.030,-0.270
2013-14,2013,DJF,SoCal_d67,1.225,24.409,-1.083,-0.110,-0.270
2014-15,2014,DJF,SoCal_d67,3.593,71.576,-0.407,0.800,0.620
2015-16,2015,DJF,SoCal_d67,3.026,60.290,-0.569,2.590,2.250
2016-17,2016,DJF,SoCal_d67,9.500,189.245,1.279,-0.370,-0.890
2017-18,2017,DJF,SoCal_d67,1.563,31.131,-0.987,-0.760,-1.140
2018-19,2018,DJF,SoCal_d67,7.584,151.087,0.732,1.050,0.780
2019-20,2019,DJF,SoCal_d67,2.898,57.740,-0.606,0.750,0.220
2020-21,2020,DJF,SoCal_d67,2.011,40.072,-0.859,-1.060,-1.390
2021-22,2021,DJF,SoCal_d67,3.235,64.452,-0.509,-0.830,-1.220
2022-23,2022,DJF,SoCal_d67,7.326,145.944,0.658,-0.700,-0.990
2023-24,2023,DJF,SoCal_d67,6.859,136.643,0.525,1.990,1.400
2024-25,2024,DJF,SoCal_d67,1.763,35.115,-0.930,-0.430,-1.050
2025-26,2025,DJF,SoCal_d67,4.926,98.136,-0.027,-0.600,-1.040
1950-51,1950,DJF,NorCal_d2,19.150,101.538,0.036,-0.790,-0.500
1951-52,1951,DJF,NorCal_d2,27.500,145.811,1.087,0.710,0.710
1952-53,1952,DJF,NorCal_d2,21.070,111.718,0.278,0.060,0.100
1953-54,1953,DJF,NorCal_d2,14.850,78.738,-0.504,0.560,0.660
1954-55,1954,DJF,NorCal_d2,12.240,64.899,-0.833,-0.440,-0.180
1955-56,1955,DJF,NorCal_d2,37.120,196.819,2.296,-1.510,-1.310
1956-57,1956,DJF,NorCal_d2,12.790,67.815,-0.763,-0.390,-0.170
1957-58,1957,DJF,NorCal_d2,26.090,138.335,0.909,1.620,1.750
1958-59,1958,DJF,NorCal_d2,18.040,95.652,-0.103,0.560,0.640
1959-60,1959,DJF,NorCal_d2,16.720,88.653,-0.269,0.140,0.220
1960-61,1960,DJF,NorCal_d2,11.630,61.665,-0.909,-0.070,-0.090
1961-62,1961,DJF,NorCal_d2,17.970,95.281,-0.112,-0.050,0.020
1962-63,1962,DJF,NorCal_d2,13.770,73.012,-0.640,-0.320,-0.370
1963-64,1963,DJF,NorCal_d2,7.250,38.441,-1.460,1.130,1.070
1964-65,1964,DJF,NorCal_d2,23.890,126.670,0.633,-0.750,-0.480
1965-66,1965,DJF,NorCal_d2,12.190,64.634,-0.839,1.600,1.810
1966-67,1966,DJF,NorCal_d2,18.590,98.568,-0.034,-0.350,-0.220
1967-68,1967,DJF,NorCal_d2,17.570,93.160,-0.162,-0.420,-0.030
1968-69,1968,DJF,NorCal_d2,32.780,173.807,1.751,0.930,1.020
1969-70,1969,DJF,NorCal_d2,30.840,163.521,1.507,0.710,0.680
1970-71,1970,DJF,NorCal_d2,13.790,73.118,-0.638,-1.100,-0.850
1971-72,1971,DJF,NorCal_d2,13.460,71.368,-0.679,-0.780,-0.380
1972-73,1972,DJF,NorCal_d2,23.360,123.860,0.566,1.770,1.880
1973-74,1973,DJF,NorCal_d2,18.060,95.758,-0.101,-2.040,-1.910
1974-75,1974,DJF,NorCal_d2,16.800,89.077,-0.259,-0.710,-0.350
1975-76,1975,DJF,NorCal_d2,5.990,31.760,-1.618,-1.580,-1.110
1976-77,1976,DJF,NorCal_d2,5.150,27.306,-1.724,0.840,1.080
1977-78,1977,DJF,NorCal_d2,27.760,147.190,1.119,0.820,1.050
1978-79,1978,DJF,NorCal_d2,16.360,86.744,-0.314,0.110,0.270
1979-80,1979,DJF,NorCal_d2,25.240,133.828,0.802,0.640,0.640
1980-81,1980,DJF,NorCal_d2,15.270,80.965,-0.451,-0.050,0.090
1981-82,1981,DJF,NorCal_d2,19.550,103.659,0.087,-0.140,-0.080
1982-83,1982,DJF,NorCal_d2,25.840,137.010,0.878,2.120,2.360
1983-84,1983,DJF,NorCal_d2,17.120,90.774,-0.219,-0.890,-0.960
1984-85,1984,DJF,NorCal_d2,6.060,32.131,-1.610,-1.060,-0.930
1985-86,1985,DJF,NorCal_d2,26.540,140.721,0.966,-0.360,-0.210
1986-87,1986,DJF,NorCal_d2,10.860,57.582,-1.006,1.210,1.420
1987-88,1987,DJF,NorCal_d2,15.280,81.018,-0.450,1.000,0.800
1988-89,1988,DJF,NorCal_d2,8.300,44.008,-1.328,-1.850,-1.940
1989-90,1989,DJF,NorCal_d2,9.320,49.417,-1.200,-0.040,0.060
1990-91,1990,DJF,NorCal_d2,5.110,27.094,-1.729,0.340,0.430
1991-92,1991,DJF,NorCal_d2,13.790,73.118,-0.638,1.430,1.970
1992-93,1992,DJF,NorCal_d2,30.110,159.650,1.415,-0.050,0.350
1993-94,1993,DJF,NorCal_d2,12.940,68.611,-0.744,0.190,0.420
1994-95,1994,DJF,NorCal_d2,26.570,140.880,0.970,0.970,1.280
1995-96,1995,DJF,NorCal_d2,28.380,150.477,1.197,-1.010,-0.990
1996-97,1996,DJF,NorCal_d2,29.200,154.825,1.300,-0.410,-0.290
1997-98,1997,DJF,NorCal_d2,31.360,166.278,1.572,2.370,2.280
1998-99,1998,DJF,NorCal_d2,17.220,91.304,-0.206,-1.470,-1.610
1999-00,1999,DJF,NorCal_d2,21.430,113.627,0.323,-1.530,-1.560
2000-01,2000,DJF,NorCal_d2,11.860,62.884,-0.880,-0.780,-0.820
2001-02,2001,DJF,NorCal_d2,16.190,85.843,-0.336,-0.320,-0.320
2002-03,2002,DJF,NorCal_d2,21.080,111.771,0.279,1.080,1.130
2003-04,2003,DJF,NorCal_d2,24.310,128.897,0.685,0.290,0.220
2004-05,2004,DJF,NorCal_d2,17.080,90.562,-0.224,0.710,0.690
2005-06,2005,DJF,NorCal_d2,27.350,145.016,1.068,-0.820,-0.810
2006-07,2006,DJF,NorCal_d2,13.960,74.019,-0.616,0.880,0.890
2007-08,2007,DJF,NorCal_d2,19.240,102.015,0.048,-1.720,-1.650
2008-09,2008,DJF,NorCal_d2,13.810,73.224,-0.635,-0.790,-0.860
2009-10,2009,DJF,NorCal_d2,18.530,98.250,-0.041,1.500,1.500
2010-11,2010,DJF,NorCal_d2,17.610,93.372,-0.157,-1.480,-1.550
2011-12,2011,DJF,NorCal_d2,7.840,41.569,-1.386,-0.920,-0.960
2012-13,2012,DJF,NorCal_d2,13.110,69.512,-0.723,-0.030,-0.270
2013-14,2013,DJF,NorCal_d2,9.200,48.780,-1.215,-0.110,-0.270
2014-15,2014,DJF,NorCal_d2,16.900,89.608,-0.246,0.800,0.620
2015-16,2015,DJF,NorCal_d2,19.860,105.302,0.126,2.590,2.250
2016-17,2016,DJF,NorCal_d2,35.610,188.812,2.106,-0.370,-0.890
2017-18,2017,DJF,NorCal_d2,6.450,34.199,-1.561,-0.760,-1.140
2018-19,2018,DJF,NorCal_d2,27.140,143.902,1.041,1.050,0.780
2019-20,2019,DJF,NorCal_d2,11.000,58.324,-0.988,0.750,0.220
2020-21,2020,DJF,NorCal_d2,9.940,52.704,-1.122,-1.060,-1.390
2021-22,2021,DJF,NorCal_d2,9.980,52.916,-1.117,-0.830,-1.220
2022-23,2022,DJF,NorCal_d2,25.910,137.381,0.887,-0.700,-0.990
2023-24,2023,DJF,NorCal_d2,20.580,109.120,0.216,1.990,1.400
2024-25,2024,DJF,NorCal_d2,18.840,99.894,-0.003,-0.430,-1.050
2025-26,2025,DJF,NorCal_d2,19.610,103.977,0.094,-0.600,-1.040
1950-51,1950,JFM,SoCal_d6,5.050,46.669,-0.834,-0.790,-0.500
1951-52,1951,JFM,SoCal_d6,17.930,165.696,1.027,0.710,0.710
1952-53,1952,JFM,SoCal_d6,2.900,26.800,-1.145,0.060,0.100
1953-54,1953,JFM,SoCal_d6,13.750,127.068,0.423,0.560,0.660
1954-55,1954,JFM,SoCal_d6,7.440,68.755,-0.489,-0.440,-0.180
1955-56,1955,JFM,SoCal_d6,6.890,63.672,-0.568,-1.510,-1.310
1956-57,1956,JFM,SoCal_d6,9.730,89.918,-0.158,-0.390,-0.170
1957-58,1957,JFM,SoCal_d6,16.090,148.692,0.761,1.620,1.750
1958-59,1958,JFM,SoCal_d6,7.380,68.201,-0.497,0.560,0.640
1959-60,1959,JFM,SoCal_d6,7.570,69.957,-0.470,0.140,0.220
1960-61,1960,JFM,SoCal_d6,2.680,24.767,-1.177,-0.070,-0.090
1961-62,1961,JFM,SoCal_d6,15.980,147.676,0.746,-0.050,0.020
1962-63,1962,JFM,SoCal_d6,7.750,71.620,-0.444,-0.320,-0.370
1963-64,1963,JFM,SoCal_d6,5.100,47.131,-0.827,1.130,1.070
1964-65,1964,JFM,SoCal_d6,3.380,31.236,-1.075,-0.750,-0.480
1965-66,1965,JFM,SoCal_d6,3.480,32.160,-1.061,1.600,1.810
1966-67,1966,JFM,SoCal_d6,7.180,66.352,-0.526,-0.350,-0.220
1967-68,1967,JFM,SoCal_d6,4.780,44.173,-0.873,-0.420,-0.030
1968-69,1968,JFM,SoCal_d6,25.870,239.072,2.175,0.930,1.020
1969-70,1969,JFM,SoCal_d6,8.450,78.089,-0.343,0.710,0.680
1970-71,1970,JFM,SoCal_d6,2.530,23.380,-1.198,-1.100,-0.850
1971-72,1971,JFM,SoCal_d6,0.320,2.957,-1.518,-0.780,-0.380
1972-73,1972,JFM,SoCal_d6,15.900,146.937,0.734,1.770,1.880
1973-74,1973,JFM,SoCal_d6,11.180,103.318,0.052,-2.040,-1.910
1974-75,1974,JFM,SoCal_d6,8.190,75.686,-0.380,-0.710,-0.350
1975-76,1975,JFM,SoCal_d6,7.670,70.881,-0.455,-1.580,-1.110
1976-77,1976,JFM,SoCal_d6,6.020,55.633,-0.694,0.840,1.080
1977-78,1977,JFM,SoCal_d6,28.310,261.621,2.527,0.820,1.050
1978-79,1978,JFM,SoCal_d6,16.480,152.296,0.818,0.110,0.270
1979-80,1979,JFM,SoCal_d6,24.830,229.461,2.025,0.640,0.640
1980-81,1980,JFM,SoCal_d6,10.180,94.076,-0.093,-0.050,0.090
1981-82,1981,JFM,SoCal_d6,11.830,109.324,0.146,-0.140,-0.080
1982-83,1982,JFM,SoCal_d6,22.050,203.770,1.623,2.120,2.360
1983-84,1983,JFM,SoCal_d6,0.620,5.730,-1.474,-0.890,-0.960
1984-85,1984,JFM,SoCal_d6,4.020,37.150,-0.983,-1.060,-0.930
1985-86,1985,JFM,SoCal_d6,12.900,119.213,0.300,-0.360,-0.210
1986-87,1986,JFM,SoCal_d6,6.420,59.329,-0.636,1.210,1.420
1987-88,1987,JFM,SoCal_d6,5.360,49.533,-0.789,1.000,0.800
1988-89,1988,JFM,SoCal_d6,4.260,39.368,-0.948,-1.850,-1.940
1989-90,1989,JFM,SoCal_d6,6.210,57.388,-0.666,-0.040,0.060
1990-91,1990,JFM,SoCal_d6,16.180,149.524,0.774,0.340,0.430
1991-92,1991,JFM,SoCal_d6,16.900,156.178,0.879,1.430,1.970
1992-93,1992,JFM,SoCal_d6,25.790,238.333,2.163,-0.050,0.350
1993-94,1993,JFM,SoCal_d6,9.340,86.314,-0.214,0.190,0.420
1994-95,1994,JFM,SoCal_d6,26.490,244.802,2.264,0.970,1.280
1995-96,1995,JFM,SoCal_d6,10.910,100.822,0.013,-1.010,-0.990
1996-97,1996,JFM,SoCal_d6,6.340,58.590,-0.648,-0.410,-0.290
1997-98,1997,JFM,SoCal_d6,24.580,227.151,1.988,2.370,2.280
1998-99,1998,JFM,SoCal_d6,5.410,49.995,-0.782,-1.470,-1.610
1999-00,1999,JFM,SoCal_d6,10.440,96.479,-0.055,-1.530,-1.560
2000-01,2000,JFM,SoCal_d6,14.200,131.226,0.488,-0.780,-0.820
2001-02,2001,JFM,SoCal_d6,1.790,16.542,-1.305,-0.320,-0.320
2002-03,2002,JFM,SoCal_d6,8.810,81.416,-0.291,1.080,1.130
2003-04,2003,JFM,SoCal_d6,6.700,61.917,-0.596,0.290,0.220
2004-05,2004,JFM,SoCal_d6,21.040,194.437,1.477,0.710,0.690
2005-06,2005,JFM,SoCal_d6,8.980,82.987,-0.266,-0.820,-0.810
2006-07,2006,JFM,SoCal_d6,3.210,29.665,-1.100,0.880,0.890
2007-08,2007,JFM,SoCal_d6,11.050,102.116,0.033,-1.720,-1.650
2008-09,2008,JFM,SoCal_d6,5.910,54.616,-0.710,-0.790,-0.860
2009-10,2009,JFM,SoCal_d6,12.660,116.995,0.266,1.500,1.500
2010-11,2010,JFM,SoCal_d6,9.270,85.667,-0.224,-1.480,-1.550
2011-12,2011,JFM,SoCal_d6,4.630,42.787,-0.895,-0.920,-0.960
2012-13,2012,JFM,SoCal_d6,3.330,30.773,-1.083,-0.030,-0.270
2013-14,2013,JFM,SoCal_d6,4.640,42.880,-0.893,-0.110,-0.270
2014-15,2014,JFM,SoCal_d6,2.790,25.783,-1.161,0.800,0.620
2015-16,2015,JFM,SoCal_d6,7.400,68.386,-0.494,2.590,2.250
2016-17,2016,JFM,SoCal_d6,15.660,144.719,0.699,-0.370,-0.890
2017-18,2017,JFM,SoCal_d6,7.250,66.999,-0.516,-0.760,-1.140
2018-19,2018,JFM,SoCal_d6,16.790,155.161,0.863,1.050,0.780
2019-20,2019,JFM,SoCal_d6,6.140,56.742,-0.676,0.750,0.220
2020-21,2020,JFM,SoCal_d6,5.090,47.038,-0.828,-1.060,-1.390
2021-22,2021,JFM,SoCal_d6,2.340,21.625,-1.226,-0.830,-1.220
2022-23,2022,JFM,SoCal_d6,23.310,215.414,1.805,-0.700,-0.990
2023-24,2023,JFM,SoCal_d6,17.380,160.614,0.948,1.990,1.400
2024-25,2024,JFM,SoCal_d6,7.430,68.663,-0.490,-0.430,-1.050
2025-26,2025,JFM,SoCal_d6,6.960,64.319,-0.558,-0.600,-1.040
1950-51,1950,JFM,SoCal_d67,2.029,40.735,-0.888,-0.790,-0.500
1951-52,1951,JFM,SoCal_d67,7.669,153.937,0.808,0.710,0.710
1952-53,1952,JFM,SoCal_d67,1.185,23.781,-1.142,0.060,0.100
1953-54,1953,JFM,SoCal_d67,6.335,127.162,0.407,0.560,0.660
1954-55,1954,JFM,SoCal_d67,3.243,65.096,-0.523,-0.440,-0.180
1955-56,1955,JFM,SoCal_d67,2.594,52.075,-0.718,-1.510,-1.310
1956-57,1956,JFM,SoCal_d67,4.190,84.098,-0.238,-0.390,-0.170
1957-58,1957,JFM,SoCal_d67,6.823,136.960,0.554,1.620,1.750
1958-59,1958,JFM,SoCal_d67,3.062,61.454,-0.577,0.560,0.640
1959-60,1959,JFM,SoCal_d67,3.282,65.877,-0.511,0.140,0.220
1960-61,1960,JFM,SoCal_d67,1.192,23.936,-1.140,-0.070,-0.090
1961-62,1961,JFM,SoCal_d67,6.015,120.736,0.311,-0.050,0.020
1962-63,1962,JFM,SoCal_d67,3.477,69.795,-0.453,-0.320,-0.370
1963-64,1963,JFM,SoCal_d67,1.852,37.168,-0.941,1.130,1.070
1964-65,1964,JFM,SoCal_d67,1.619,32.502,-1.011,-0.750,-0.480
1965-66,1965,JFM,SoCal_d67,1.651,33.139,-1.002,1.600,1.810
1966-67,1966,JFM,SoCal_d67,2.732,54.849,-0.676,-0.350,-0.220
1967-68,1967,JFM,SoCal_d67,2.222,44.608,-0.830,-0.420,-0.030
1968-69,1968,JFM,SoCal_d67,11.017,221.147,1.815,0.930,1.020
1969-70,1969,JFM,SoCal_d67,3.843,77.143,-0.342,0.710,0.680
1970-71,1970,JFM,SoCal_d67,0.921,18.487,-1.221,-1.100,-0.850
1971-72,1971,JFM,SoCal_d67,0.100,2.005,-1.468,-0.780,-0.380
1972-73,1972,JFM,SoCal_d67,6.921,138.935,0.583,1.770,1.880
1973-74,1973,JFM,SoCal_d67,5.192,104.215,0.063,-2.040,-1.910
1974-75,1974,JFM,SoCal_d67,2.938,58.974,-0.615,-0.710,-0.350
1975-76,1975,JFM,SoCal_d67,4.027,80.834,-0.287,-1.580,-1.110
1976-77,1976,JFM,SoCal_d67,2.612,52.436,-0.713,0.840,1.080
1977-78,1977,JFM,SoCal_d67,12.949,259.918,2.396,0.820,1.050
1978-79,1978,JFM,SoCal_d67,7.646,153.472,0.801,0.110,0.270
1979-80,1979,JFM,SoCal_d67,12.072,242.319,2.132,0.640,0.640
1980-81,1980,JFM,SoCal_d67,4.799,96.330,-0.055,-0.050,0.090
1981-82,1981,JFM,SoCal_d67,5.432,109.036,0.135,-0.140,-0.080
1982-83,1982,JFM,SoCal_d67,10.301,206.778,1.600,2.120,2.360
1983-84,1983,JFM,SoCal_d67,0.286,5.742,-1.412,-0.890,-0.960
1984-85,1984,JFM,SoCal_d67,1.705,34.228,-0.985,-1.060,-0.930
1985-86,1985,JFM,SoCal_d67,5.804,116.498,0.247,-0.360,-0.210
1986-87,1986,JFM,SoCal_d67,2.959,59.399,-0.608,1.210,1.420
1987-88,1987,JFM,SoCal_d67,2.772,55.641,-0.665,1.000,0.800
1988-89,1988,JFM,SoCal_d67,2.173,43.616,-0.845,-1.850,-1.940
1989-90,1989,JFM,SoCal_d67,2.567,51.527,-0.726,-0.040,0.060
1990-91,1990,JFM,SoCal_d67,7.680,154.154,0.811,0.340,0.430
1991-92,1991,JFM,SoCal_d67,9.204,184.755,1.270,1.430,1.970
1992-93,1992,JFM,SoCal_d67,12.341,247.726,2.213,-0.050,0.350
1993-94,1993,JFM,SoCal_d67,3.822,76.726,-0.349,0.190,0.420
1994-95,1994,JFM,SoCal_d67,11.455,229.936,1.947,0.970,1.280
1995-96,1995,JFM,SoCal_d67,4.193,84.170,-0.237,-1.010,-0.990
1996-97,1996,JFM,SoCal_d67,2.568,51.547,-0.726,-0.410,-0.290
1997-98,1997,JFM,SoCal_d67,10.774,216.277,1.742,2.370,2.280
1998-99,1998,JFM,SoCal_d67,2.017,40.496,-0.891,-1.470,-1.610
1999-00,1999,JFM,SoCal_d67,4.292,86.162,-0.207,-1.530,-1.560
2000-01,2000,JFM,SoCal_d67,6.739,135.281,0.529,-0.780,-0.820
2001-02,2001,JFM,SoCal_d67,0.674,13.536,-1.295,-0.320,-0.320
2002-03,2002,JFM,SoCal_d67,4.378,87.873,-0.182,1.080,1.130
2003-04,2003,JFM,SoCal_d67,3.657,73.398,-0.399,0.290,0.220
2004-05,2004,JFM,SoCal_d67,10.673,214.231,1.711,0.710,0.690
2005-06,2005,JFM,SoCal_d67,3.478,69.805,-0.452,-0.820,-0.810
2006-07,2006,JFM,SoCal_d67,1.244,24.977,-1.124,0.880,0.890
2007-08,2007,JFM,SoCal_d67,4.644,93.227,-0.101,-1.720,-1.650
2008-09,2008,JFM,SoCal_d67,2.601,52.209,-0.716,-0.790,-0.860
2009-10,2009,JFM,SoCal_d67,6.975,140.017,0.600,1.500,1.500
2010-11,2010,JFM,SoCal_d67,3.585,71.969,-0.420,-1.480,-1.550
2011-12,2011,JFM,SoCal_d67,1.852,37.179,-0.941,-0.920,-0.960
2012-13,2012,JFM,SoCal_d67,1.600,32.108,-1.017,-0.030,-0.270
2013-14,2013,JFM,SoCal_d67,1.832,36.771,-0.947,-0.110,-0.270
2014-15,2014,JFM,SoCal_d67,1.955,39.246,-0.910,0.800,0.620
2015-16,2015,JFM,SoCal_d67,3.294,66.121,-0.508,2.590,2.250
2016-17,2016,JFM,SoCal_d67,7.311,146.763,0.701,-0.370,-0.890
2017-18,2017,JFM,SoCal_d67,3.205,64.329,-0.534,-0.760,-1.140
2018-19,2018,JFM,SoCal_d67,8.153,163.656,0.954,1.050,0.780
2019-20,2019,JFM,SoCal_d67,3.256,65.357,-0.519,0.750,0.220
2020-21,2020,JFM,SoCal_d67,2.092,41.995,-0.869,-1.060,-1.390
2021-22,2021,JFM,SoCal_d67,0.830,16.654,-1.249,-0.830,-1.220
2022-23,2022,JFM,SoCal_d67,9.284,186.366,1.294,-0.700,-0.990
2023-24,2023,JFM,SoCal_d67,7.696,154.475,0.816,1.990,1.400
2024-25,2024,JFM,SoCal_d67,3.112,62.457,-0.562,-0.430,-1.050
2025-26,2025,JFM,SoCal_d67,2.839,56.984,-0.644,-0.600,-1.040
1950-51,1950,JFM,NorCal_d2,13.120,75.211,-0.541,-0.790,-0.500
1951-52,1951,JFM,NorCal_d2,22.270,127.663,0.604,0.710,0.710
1952-53,1952,JFM,NorCal_d2,12.790,73.319,-0.582,0.060,0.100
1953-54,1953,JFM,NorCal_d2,19.140,109.720,0.212,0.560,0.660
1954-55,1954,JFM,NorCal_d2,6.910,39.612,-1.318,-0.440,-0.180
1955-56,1955,JFM,NorCal_d2,18.670,107.026,0.153,-1.510,-1.310
1956-57,1956,JFM,NorCal_d2,16.450,94.300,-0.124,-0.390,-0.170
1957-58,1957,JFM,NorCal_d2,28.230,161.829,1.349,1.620,1.750
1958-59,1958,JFM,NorCal_d2,17.240,98.829,-0.026,0.560,0.640
1959-60,1959,JFM,NorCal_d2,19.990,114.593,0.318,0.140,0.220
1960-61,1960,JFM,NorCal_d2,12.630,72.402,-0.602,-0.070,-0.090
1961-62,1961,JFM,NorCal_d2,18.340,105.134,0.112,-0.050,0.020
1962-63,1962,JFM,NorCal_d2,14.960,85.759,-0.311,-0.320,-0.370
1963-64,1963,JFM,NorCal_d2,8.660,49.644,-1.099,1.130,1.070
1964-65,1964,JFM,NorCal_d2,10.620,60.879,-0.854,-0.750,-0.480
1965-66,1965,JFM,NorCal_d2,9.850,56.465,-0.950,1.600,1.810
1966-67,1966,JFM,NorCal_d2,19.140,109.720,0.212,-0.350,-0.220
1967-68,1967,JFM,NorCal_d2,16.750,96.020,-0.087,-0.420,-0.030
1968-69,1968,JFM,NorCal_d2,25.910,148.530,1.059,0.930,1.020
1969-70,1969,JFM,NorCal_d2,22.560,129.326,0.640,0.710,0.680
1970-71,1970,JFM,NorCal_d2,10.820,62.026,-0.828,-1.100,-0.850
1971-72,1971,JFM,NorCal_d2,8.590,49.242,-1.107,-0.780,-0.380
1972-73,1972,JFM,NorCal_d2,22.550,129.268,0.639,1.770,1.880
1973-74,1973,JFM,NorCal_d2,20.460,117.287,0.377,-2.040,-1.910
1974-75,1974,JFM,NorCal_d2,20.930,119.982,0.436,-0.710,-0.350
1975-76,1975,JFM,NorCal_d2,6.140,35.198,-1.414,-1.580,-1.110
1976-77,1976,JFM,NorCal_d2,6.910,39.612,-1.318,0.840,1.080
1977-78,1977,JFM,NorCal_d2,26.570,152.313,1.141,0.820,1.050
1978-79,1978,JFM,NorCal_d2,19.090,109.434,0.206,0.110,0.270
1979-80,1979,JFM,NorCal_d2,21.960,125.886,0.565,0.640,0.640
1980-81,1980,JFM,NorCal_d2,15.630,89.599,-0.227,-0.050,0.090
1981-82,1981,JFM,NorCal_d2,18.520,106.166,0.135,-0.140,-0.080
1982-83,1982,JFM,NorCal_d2,32.500,186.307,1.883,2.120,2.360
1983-84,1983,JFM,NorCal_d2,7.470,42.822,-1.247,-0.890,-0.960
1984-85,1984,JFM,NorCal_d2,8.500,48.726,-1.119,-1.060,-0.930
1985-86,1985,JFM,NorCal_d2,29.800,170.829,1.545,-0.360,-0.210
1986-87,1986,JFM,NorCal_d2,15.060,86.332,-0.298,1.210,1.420
1987-88,1987,JFM,NorCal_d2,7.600,43.567,-1.231,1.000,0.800
1988-89,1988,JFM,NorCal_d2,15.650,89.714,-0.224,-1.850,-1.940
1989-90,1989,JFM,NorCal_d2,11.560,66.268,-0.736,-0.040,0.060
1990-91,1990,JFM,NorCal_d2,16.590,95.103,-0.107,0.340,0.430
1991-92,1991,JFM,NorCal_d2,14.430,82.720,-0.377,1.430,1.970
1992-93,1992,JFM,NorCal_d2,24.560,140.791,0.890,-0.050,0.350
1993-94,1993,JFM,NorCal_d2,9.840,56.408,-0.951,0.190,0.420
1994-95,1994,JFM,NorCal_d2,36.870,211.358,2.430,0.970,1.280
1995-96,1995,JFM,NorCal_d2,22.010,126.173,0.571,-1.010,-0.990
1996-97,1996,JFM,NorCal_d2,15.500,88.854,-0.243,-0.410,-0.290
1997-98,1997,JFM,NorCal_d2,33.090,189.689,1.957,2.370,2.280
1998-99,1998,JFM,NorCal_d2,18.090,103.701,0.081,-1.470,-1.610
1999-00,1999,JFM,NorCal_d2,23.420,134.256,0.747,-1.530,-1.560
2000-01,2000,JFM,NorCal_d2,13.330,76.414,-0.515,-0.780,-0.820
2001-02,2001,JFM,NorCal_d2,10.060,57.669,-0.924,-0.320,-0.320
2002-03,2002,JFM,NorCal_d2,11.030,63.230,-0.802,1.080,1.130
2003-04,2003,JFM,NorCal_d2,15.000,85.988,-0.306,0.290,0.220
2004-05,2004,JFM,NorCal_d2,15.080,86.446,-0.296,0.710,0.690
2005-06,2005,JFM,NorCal_d2,20.530,117.689,0.386,-0.820,-0.810
2006-07,2006,JFM,NorCal_d2,9.730,55.777,-0.965,0.880,0.890
2007-08,2007,JFM,NorCal_d2,15.300,87.708,-0.268,-1.720,-1.650
2008-09,2008,JFM,NorCal_d2,14.540,83.351,-0.363,-0.790,-0.860
2009-10,2009,JFM,NorCal_d2,17.880,102.497,0.054,1.500,1.500
2010-11,2010,JFM,NorCal_d2,17.940,102.841,0.062,-1.480,-1.550
2011-12,2011,JFM,NorCal_d2,16.430,94.185,-0.127,-0.920,-0.960
2012-13,2012,JFM,NorCal_d2,4.220,24.191,-1.654,-0.030,-0.270
2013-14,2013,JFM,NorCal_d2,15.070,86.389,-0.297,-0.110,-0.270
2014-15,2014,JFM,NorCal_d2,6.000,34.395,-1.431,0.800,0.620
2015-16,2015,JFM,NorCal_d2,22.040,126.345,0.575,2.590,2.250
2016-17,2016,JFM,NorCal_d2,33.090,189.689,1.957,-0.370,-0.890
2017-18,2017,JFM,NorCal_d2,14.020,80.370,-0.428,-0.760,-1.140
2018-19,2018,JFM,NorCal_d2,30.050,172.262,1.577,1.050,0.780
2019-20,2019,JFM,NorCal_d2,7.590,43.510,-1.232,0.750,0.220
2020-21,2020,JFM,NorCal_d2,9.800,56.179,-0.956,-1.060,-1.390
2021-22,2021,JFM,NorCal_d2,2.110,12.096,-1.918,-0.830,-1.220
2022-23,2022,JFM,NorCal_d2,26.550,152.198,1.139,-0.700,-0.990
2023-24,2023,JFM,NorCal_d2,21.960,125.886,0.565,1.990,1.400
2024-25,2024,JFM,NorCal_d2,16.500,94.587,-0.118,-0.430,-1.050
2025-26,2025,JFM,NorCal_d2,10.880,62.370,-0.821,-0.600,-1.040
