season,region,index,period,n,slope_pct_per_C,slope_se,r,p,spearman,slope_z_per_C,quad_coef,slope_ElNino_only,slope_ElNino_only_se,n_ElNino
DJF,NorCal_d2,ONI_NDJ,1950-2025,76,6.923,4.368,0.181,0.117,0.173,0.164,2.570,11.188,13.959,27
DJF,NorCal_d2,ONI_NDJ,1982-2025,44,7.408,5.403,0.207,0.178,0.193,0.176,2.379,25.290,12.912,15
DJF,NorCal_d2,RONI_NDJ,1950-2025,76,6.628,4.305,0.176,0.128,0.169,0.157,2.389,5.492,14.269,26
DJF,NorCal_d2,RONI_NDJ,1982-2025,44,7.174,5.188,0.209,0.174,0.191,0.170,1.940,17.651,13.839,14
DJF,SoCal_d6,ONI_NDJ,1950-2025,76,17.102,5.968,0.316,0.005,0.253,0.260,4.037,12.034,23.241,27
DJF,SoCal_d6,ONI_NDJ,1982-2025,44,15.412,7.653,0.297,0.050,0.234,0.235,4.688,22.539,28.109,15
DJF,SoCal_d6,RONI_NDJ,1950-2025,76,17.253,5.859,0.324,0.004,0.274,0.263,6.008,11.657,23.780,26
DJF,SoCal_d6,RONI_NDJ,1982-2025,44,16.262,7.277,0.326,0.031,0.267,0.247,5.816,19.201,29.373,14
DJF,SoCal_d67,ONI_NDJ,1950-2025,76,18.395,6.023,0.335,0.003,0.306,0.264,3.261,8.461,23.343,27
DJF,SoCal_d67,ONI_NDJ,1982-2025,44,17.511,7.898,0.324,0.032,0.279,0.251,2.977,15.189,28.982,15
DJF,SoCal_d67,RONI_NDJ,1950-2025,76,18.748,5.903,0.346,0.002,0.320,0.269,5.336,9.472,23.919,26
DJF,SoCal_d67,RONI_NDJ,1982-2025,44,18.722,7.480,0.360,0.016,0.316,0.268,4.304,14.197,30.198,14
JFM,NorCal_d2,ONI_NDJ,1950-2025,76,10.931,4.493,0.272,0.017,0.202,0.239,6.903,31.033,16.814,27
JFM,NorCal_d2,ONI_NDJ,1982-2025,44,10.250,6.240,0.246,0.108,0.111,0.224,9.686,50.799,22.283,15
JFM,NorCal_d2,RONI_NDJ,1950-2025,76,10.816,4.422,0.274,0.017,0.211,0.236,8.254,29.912,16.995,26
JFM,NorCal_d2,RONI_NDJ,1982-2025,44,10.694,5.959,0.267,0.080,0.135,0.233,10.483,49.656,23.109,14
JFM,SoCal_d6,ONI_NDJ,1950-2025,76,23.845,6.515,0.391,0.000,0.344,0.373,2.895,13.539,26.433,27
JFM,SoCal_d6,ONI_NDJ,1982-2025,44,21.824,8.032,0.387,0.010,0.339,0.341,3.780,38.890,31.616,15
JFM,SoCal_d6,RONI_NDJ,1950-2025,76,24.476,6.364,0.408,0.000,0.360,0.383,6.003,19.717,26.918,26
JFM,SoCal_d6,RONI_NDJ,1982-2025,44,23.367,7.549,0.431,0.003,0.356,0.365,6.701,47.254,32.286,14
JFM,SoCal_d67,ONI_NDJ,1950-2025,76,25.981,6.459,0.424,0.000,0.383,0.389,2.487,11.125,26.217,27
JFM,SoCal_d67,ONI_NDJ,1982-2025,44,25.604,7.926,0.446,0.002,0.397,0.384,2.048,32.412,31.576,15
JFM,SoCal_d67,RONI_NDJ,1950-2025,76,26.701,6.296,0.442,0.000,0.395,0.400,5.705,18.355,26.784,26
JFM,SoCal_d67,RONI_NDJ,1982-2025,44,27.212,7.398,0.494,0.001,0.413,0.408,5.522,43.234,32.185,14
