time,region,value,ngauges,dataset
1951-01-01,cl_central_n,1.653072145122476,25.0,gpcc2025
1951-02-01,cl_central_n,0.6094681430343382,25.0,gpcc2025
1951-03-01,cl_central_n,0.38729658327730976,25.0,gpcc2025
1951-04-01,cl_central_n,0.7816347055500606,25.0,gpcc2025
1951-05-01,cl_central_n,7.960493741123522,25.0,gpcc2025
1951-06-01,cl_central_n,11.749037119715675,25.0,gpcc2025
1951-07-01,cl_central_n,9.092803535020469,25.0,gpcc2025
1951-08-01,cl_central_n,2.01388561800492,25.0,gpcc2025
1951-09-01,cl_central_n,3.203923076177476,25.0,gpcc2025
1951-10-01,cl_central_n,0.9472545175942281,25.0,gpcc2025
1951-11-01,cl_central_n,1.9122768570631163,25.0,gpcc2025
1951-12-01,cl_central_n,0.5048552923125913,24.0,gpcc2025
1952-01-01,cl_central_n,0.1374215110962527,24.0,gpcc2025
1952-02-01,cl_central_n,0.4073300165424452,24.0,gpcc2025
1952-03-01,cl_central_n,1.5713941448959488,25.0,gpcc2025
1952-04-01,cl_central_n,0.4773711880853808,25.0,gpcc2025
1952-05-01,cl_central_n,6.301911469538301,25.0,gpcc2025
1952-06-01,cl_central_n,6.118320633948601,25.0,gpcc2025
1952-07-01,cl_central_n,4.639311534032379,25.0,gpcc2025
1952-08-01,cl_central_n,2.0316417395723896,25.0,gpcc2025
1952-09-01,cl_central_n,2.0170425002386527,25.0,gpcc2025
1952-10-01,cl_central_n,2.4598860808475633,25.0,gpcc2025
1952-11-01,cl_central_n,0.5681108967666064,25.0,gpcc2025
1952-12-01,cl_central_n,0.1690925770330762,25.0,gpcc2025
1953-01-01,cl_central_n,1.9498656976761326,24.0,gpcc2025
1953-02-01,cl_central_n,0.384616748891557,24.0,gpcc2025
1953-03-01,cl_central_n,0.7627240228195694,24.0,gpcc2025
1953-04-01,cl_central_n,2.506196217401892,24.0,gpcc2025
1953-05-01,cl_central_n,9.829199167571819,24.0,gpcc2025
1953-06-01,cl_central_n,3.890952433970704,24.0,gpcc2025
1953-07-01,cl_central_n,6.77815559158531,24.0,gpcc2025
1953-08-01,cl_central_n,8.401872819516157,24.0,gpcc2025
1953-09-01,cl_central_n,7.820216888084491,24.0,gpcc2025
1953-10-01,cl_central_n,1.4620018309868588,24.0,gpcc2025
1953-11-01,cl_central_n,0.48675299698012514,24.0,gpcc2025
1953-12-01,cl_central_n,0.6689076071825006,24.0,gpcc2025
1954-01-01,cl_central_n,0.11568631452281318,24.0,gpcc2025
1954-02-01,cl_central_n,0.7187865247812537,24.0,gpcc2025
1954-03-01,cl_central_n,0.12903838737622478,24.0,gpcc2025
1954-04-01,cl_central_n,2.833147835589863,24.0,gpcc2025
1954-05-01,cl_central_n,6.077186904001865,24.0,gpcc2025
1954-06-01,cl_central_n,8.39448685256619,24.0,gpcc2025
1954-07-01,cl_central_n,8.391328871966198,24.0,gpcc2025
1954-08-01,cl_central_n,4.136998000624641,24.0,gpcc2025
1954-09-01,cl_central_n,1.794972699653498,24.0,gpcc2025
1954-10-01,cl_central_n,1.2423601638789252,24.0,gpcc2025
1954-11-01,cl_central_n,0.46196193337795444,24.0,gpcc2025
1954-12-01,cl_central_n,0.7980030108257851,24.0,gpcc2025
1955-01-01,cl_central_n,0.26684047592066523,24.0,gpcc2025
1955-02-01,cl_central_n,1.2473454635361836,24.0,gpcc2025
1955-03-01,cl_central_n,0.15271094097001967,24.0,gpcc2025
1955-04-01,cl_central_n,1.8422941829587798,24.0,gpcc2025
1955-05-01,cl_central_n,3.332120366858096,24.0,gpcc2025
1955-06-01,cl_central_n,8.63102400015976,24.0,gpcc2025
1955-07-01,cl_central_n,2.1301845988954966,24.0,gpcc2025
1955-08-01,cl_central_n,4.591220690327509,24.0,gpcc2025
1955-09-01,cl_central_n,1.426255337949415,24.0,gpcc2025
1955-10-01,cl_central_n,0.7506396805621746,24.0,gpcc2025
1955-11-01,cl_central_n,0.7633626602356806,24.0,gpcc2025
1955-12-01,cl_central_n,1.652951837184412,24.0,gpcc2025
1951-01-01,cl_south_n,3.7122115552016433,24.0,gpcc2025
1951-02-01,cl_south_n,2.3362649303639538,24.0,gpcc2025
1951-03-01,cl_south_n,1.9767495205959493,23.0,gpcc2025
1951-04-01,cl_south_n,1.432385274206578,23.0,gpcc2025
1951-05-01,cl_south_n,17.81015970936969,23.0,gpcc2025
1951-06-01,cl_south_n,11.548721628229318,24.0,gpcc2025
1951-07-01,cl_south_n,9.136507653340908,24.0,gpcc2025
1951-08-01,cl_south_n,5.108957347928884,23.0,gpcc2025
1951-09-01,cl_south_n,6.315383151506341,23.0,gpcc2025
1951-10-01,cl_south_n,2.8732746475674826,24.0,gpcc2025
1951-11-01,cl_south_n,4.451469805607493,24.0,gpcc2025
1951-12-01,cl_south_n,1.7197288843424687,24.0,gpcc2025
1952-01-01,cl_south_n,0.5502920924520621,23.0,gpcc2025
1952-02-01,cl_south_n,1.7128449170207478,23.0,gpcc2025
1952-03-01,cl_south_n,6.056541552662265,23.0,gpcc2025
1952-04-01,cl_south_n,1.664774877669558,23.0,gpcc2025
1952-05-01,cl_south_n,7.849220751906059,23.0,gpcc2025
1952-06-01,cl_south_n,4.263346044450042,24.0,gpcc2025
1952-07-01,cl_south_n,5.980834465207966,24.0,gpcc2025
1952-08-01,cl_south_n,4.943694021561733,23.0,gpcc2025
1952-09-01,cl_south_n,3.668417505310794,24.0,gpcc2025
1952-10-01,cl_south_n,2.4218645134472316,24.0,gpcc2025
1952-11-01,cl_south_n,2.0204484149091826,23.0,gpcc2025
1952-12-01,cl_south_n,0.6311543973749139,24.0,gpcc2025
1953-01-01,cl_south_n,5.6731438804741945,23.0,gpcc2025
1953-02-01,cl_south_n,1.7660366299152295,24.0,gpcc2025
1953-03-01,cl_south_n,3.3743905647044388,23.0,gpcc2025
1953-04-01,cl_south_n,2.0105554120093876,23.0,gpcc2025
1953-05-01,cl_south_n,14.94133491257148,23.0,gpcc2025
1953-06-01,cl_south_n,7.829135588910519,24.0,gpcc2025
1953-07-01,cl_south_n,9.943597963128555,24.0,gpcc2025
1953-08-01,cl_south_n,11.167420751119247,24.0,gpcc2025
1953-09-01,cl_south_n,10.405225497816108,23.0,gpcc2025
1953-10-01,cl_south_n,2.0300628710176474,23.0,gpcc2025
1953-11-01,cl_south_n,1.2265373142699445,23.0,gpcc2025
1953-12-01,cl_south_n,1.9064675308585488,23.0,gpcc2025
1954-01-01,cl_south_n,1.0294894493228253,23.0,gpcc2025
1954-02-01,cl_south_n,1.6282944749585604,24.0,gpcc2025
1954-03-01,cl_south_n,0.4594413910979959,24.0,gpcc2025
1954-04-01,cl_south_n,5.591324155755658,24.0,gpcc2025
1954-05-01,cl_south_n,6.89076538398201,24.0,gpcc2025
1954-06-01,cl_south_n,8.414491593242971,24.0,gpcc2025
1954-07-01,cl_south_n,12.130855437692409,23.0,gpcc2025
1954-08-01,cl_south_n,7.911588394633766,23.0,gpcc2025
1954-09-01,cl_south_n,5.427313702138383,23.0,gpcc2025
1954-10-01,cl_south_n,3.0549186659935654,23.0,gpcc2025
1954-11-01,cl_south_n,1.7915084604989204,23.0,gpcc2025
1954-12-01,cl_south_n,3.540144794003726,23.0,gpcc2025
1955-01-01,cl_south_n,2.3865039190851802,24.0,gpcc2025
1955-02-01,cl_south_n,3.0793694049022933,24.0,gpcc2025
1955-03-01,cl_south_n,1.5456486281580717,24.0,gpcc2025
1955-04-01,cl_south_n,6.8859606685792105,23.0,gpcc2025
1955-05-01,cl_south_n,3.2215020991114547,24.0,gpcc2025
1955-06-01,cl_south_n,9.894607803996246,24.0,gpcc2025
1955-07-01,cl_south_n,5.063810641907624,24.0,gpcc2025
1955-08-01,cl_south_n,6.106776112208399,24.0,gpcc2025
1955-09-01,cl_south_n,2.672369834541544,23.0,gpcc2025
1955-10-01,cl_south_n,0.8698312200704537,23.0,gpcc2025
1955-11-01,cl_south_n,1.0623069363323543,24.0,gpcc2025
1955-12-01,cl_south_n,5.867894432165453,24.0,gpcc2025
1956-01-01,cl_central_n,1.9195632335724147,24.0,gpcc2025
1956-02-01,cl_central_n,0.3828225926516187,24.0,gpcc2025
1956-03-01,cl_central_n,3.4522527008377306,24.0,gpcc2025
1956-04-01,cl_central_n,3.848306475346158,24.0,gpcc2025
1956-05-01,cl_central_n,5.122667413977377,24.0,gpcc2025
1956-06-01,cl_central_n,3.2118026816363305,24.0,gpcc2025
1956-07-01,cl_central_n,6.746384039865581,24.0,gpcc2025
1956-08-01,cl_central_n,2.9234765100123687,24.0,gpcc2025
1956-09-01,cl_central_n,1.9168310588959,24.0,gpcc2025
1956-10-01,cl_central_n,1.90931883111064,24.0,gpcc2025
1956-11-01,cl_central_n,0.5523644957824309,24.0,gpcc2025
1956-12-01,cl_central_n,0.28546838860372376,24.0,gpcc2025
1957-01-01,cl_central_n,0.48471838131884837,24.0,gpcc2025
1957-02-01,cl_central_n,0.188708984257391,24.0,gpcc2025
1957-03-01,cl_central_n,0.12326738145227299,24.0,gpcc2025
1957-04-01,cl_central_n,1.3720969159652403,24.0,gpcc2025
1957-05-01,cl_central_n,7.277435239590839,24.0,gpcc2025
1957-06-01,cl_central_n,3.184006978675029,24.0,gpcc2025
1957-07-01,cl_central_n,6.599402904564564,24.0,gpcc2025
1957-08-01,cl_central_n,5.646572070497079,24.0,gpcc2025
1957-09-01,cl_central_n,2.020147265872981,24.0,gpcc2025
1957-10-01,cl_central_n,1.3673491426109463,24.0,gpcc2025
1957-11-01,cl_central_n,0.7625335985973842,24.0,gpcc2025
1957-12-01,cl_central_n,1.1429716209263838,24.0,gpcc2025
1958-01-01,cl_central_n,0.14934769138304627,24.0,gpcc2025
1958-02-01,cl_central_n,0.24574707184182434,24.0,gpcc2025
1958-03-01,cl_central_n,0.4603006753794688,24.0,gpcc2025
1958-04-01,cl_central_n,1.7048438290026537,24.0,gpcc2025
1958-05-01,cl_central_n,8.521672101632653,24.0,gpcc2025
1958-06-01,cl_central_n,8.023438443930631,24.0,gpcc2025
1958-07-01,cl_central_n,3.9169784207175753,24.0,gpcc2025
1958-08-01,cl_central_n,5.3959134170483205,24.0,gpcc2025
1958-09-01,cl_central_n,3.7383350966395343,24.0,gpcc2025
1958-10-01,cl_central_n,0.9299729059659486,24.0,gpcc2025
1958-11-01,cl_central_n,1.878449929365697,24.0,gpcc2025
1958-12-01,cl_central_n,0.18895361857165943,24.0,gpcc2025
1959-01-01,cl_central_n,1.993524191122399,24.0,gpcc2025
1959-02-01,cl_central_n,0.3347062452038419,24.0,gpcc2025
1959-03-01,cl_central_n,1.4120434618067168,24.0,gpcc2025
1959-04-01,cl_central_n,7.604573122912061,24.0,gpcc2025
1959-05-01,cl_central_n,5.2321437432633955,24.0,gpcc2025
1959-06-01,cl_central_n,5.806155250187027,24.0,gpcc2025
1959-07-01,cl_central_n,8.209075794859453,24.0,gpcc2025
1959-08-01,cl_central_n,3.3230227287978122,24.0,gpcc2025
1959-09-01,cl_central_n,3.091474626150378,24.0,gpcc2025
1959-10-01,cl_central_n,2.6978571838939005,24.0,gpcc2025
1959-11-01,cl_central_n,0.2776840568588719,24.0,gpcc2025
1959-12-01,cl_central_n,0.17729639246248985,24.0,gpcc2025
1960-01-01,cl_central_n,1.3160335889139723,25.0,gpcc2025
1960-02-01,cl_central_n,0.18575382937697646,24.0,gpcc2025
1960-03-01,cl_central_n,1.3879065765355751,25.0,gpcc2025
1960-04-01,cl_central_n,1.4176862193625712,25.0,gpcc2025
1960-05-01,cl_central_n,2.9899100817000783,25.0,gpcc2025
1960-06-01,cl_central_n,9.920438437414738,25.0,gpcc2025
1960-07-01,cl_central_n,5.457238733354746,25.0,gpcc2025
1960-08-01,cl_central_n,2.2399824797713404,25.0,gpcc2025
1960-09-01,cl_central_n,2.2751752709291795,25.0,gpcc2025
1960-10-01,cl_central_n,2.897038557247777,25.0,gpcc2025
1960-11-01,cl_central_n,0.5337307081135247,25.0,gpcc2025
1960-12-01,cl_central_n,0.27296350465869296,25.0,gpcc2025
1956-01-01,cl_south_n,4.257980061112933,24.0,gpcc2025
1956-02-01,cl_south_n,1.618929603294496,24.0,gpcc2025
1956-03-01,cl_south_n,4.619098811379251,24.0,gpcc2025
1956-04-01,cl_south_n,5.354221708306085,24.0,gpcc2025
1956-05-01,cl_south_n,5.3387798053449504,23.0,gpcc2025
1956-06-01,cl_south_n,5.220585950402941,24.0,gpcc2025
1956-07-01,cl_south_n,7.32376332444471,24.0,gpcc2025
1956-08-01,cl_south_n,5.190162613315319,24.0,gpcc2025
1956-09-01,cl_south_n,3.6045328679044983,24.0,gpcc2025
1956-10-01,cl_south_n,2.0490327179851446,23.0,gpcc2025
1956-11-01,cl_south_n,1.307183049405619,24.0,gpcc2025
1956-12-01,cl_south_n,0.4591399987454989,24.0,gpcc2025
1957-01-01,cl_south_n,1.899313544709168,24.0,gpcc2025
1957-02-01,cl_south_n,0.3484750389517111,22.0,gpcc2025
1957-03-01,cl_south_n,1.2741458662580434,22.0,gpcc2025
1957-04-01,cl_south_n,1.4666525424845485,24.0,gpcc2025
1957-05-01,cl_south_n,9.212545612222144,24.0,gpcc2025
1957-06-01,cl_south_n,5.878796394762963,24.0,gpcc2025
1957-07-01,cl_south_n,9.445220456774702,24.0,gpcc2025
1957-08-01,cl_south_n,9.93126786803797,24.0,gpcc2025
1957-09-01,cl_south_n,3.420901687396467,24.0,gpcc2025
1957-10-01,cl_south_n,2.912186453296046,24.0,gpcc2025
1957-11-01,cl_south_n,2.2177066391333238,24.0,gpcc2025
1957-12-01,cl_south_n,3.117869380543414,24.0,gpcc2025
1958-01-01,cl_south_n,1.5611161746414688,24.0,gpcc2025
1958-02-01,cl_south_n,1.2987300093861829,24.0,gpcc2025
1958-03-01,cl_south_n,0.6104402698973397,23.0,gpcc2025
1958-04-01,cl_south_n,4.940888658582827,24.0,gpcc2025
1958-05-01,cl_south_n,10.571998900615567,24.0,gpcc2025
1958-06-01,cl_south_n,8.923612974085362,24.0,gpcc2025
1958-07-01,cl_south_n,9.189768534880423,24.0,gpcc2025
1958-08-01,cl_south_n,5.607520091927685,24.0,gpcc2025
1958-09-01,cl_south_n,4.104044918444644,24.0,gpcc2025
1958-10-01,cl_south_n,1.1410659720280367,24.0,gpcc2025
1958-11-01,cl_south_n,5.395421915306375,24.0,gpcc2025
1958-12-01,cl_south_n,0.7479580106045962,23.0,gpcc2025
1959-01-01,cl_south_n,2.702347464710899,24.0,gpcc2025
1959-02-01,cl_south_n,0.9635564687692726,23.0,gpcc2025
1959-03-01,cl_south_n,4.3835426661648675,24.0,gpcc2025
1959-04-01,cl_south_n,8.929846826417752,24.0,gpcc2025
1959-05-01,cl_south_n,6.448460454414571,24.0,gpcc2025
1959-06-01,cl_south_n,4.3164864846881335,24.0,gpcc2025
1959-07-01,cl_south_n,8.193334699653642,24.0,gpcc2025
1959-08-01,cl_south_n,5.227922841332935,24.0,gpcc2025
1959-09-01,cl_south_n,5.914416780843069,24.0,gpcc2025
1959-10-01,cl_south_n,5.331502726217298,24.0,gpcc2025
1959-11-01,cl_south_n,1.098375028429643,24.0,gpcc2025
1959-12-01,cl_south_n,0.330264737464461,24.0,gpcc2025
1960-01-01,cl_south_n,2.828743666278635,24.0,gpcc2025
1960-02-01,cl_south_n,0.8480846261564327,24.0,gpcc2025
1960-03-01,cl_south_n,2.167897208655301,24.0,gpcc2025
1960-04-01,cl_south_n,3.3779308434224053,24.0,gpcc2025
1960-05-01,cl_south_n,4.922232637723039,24.0,gpcc2025
1960-06-01,cl_south_n,9.939567823221726,24.0,gpcc2025
1960-07-01,cl_south_n,9.015738966953522,23.0,gpcc2025
1960-08-01,cl_south_n,4.691166123136908,23.0,gpcc2025
1960-09-01,cl_south_n,3.5195772846126974,24.0,gpcc2025
1960-10-01,cl_south_n,5.209206706126196,24.0,gpcc2025
1960-11-01,cl_south_n,1.4450327471426578,24.0,gpcc2025
1960-12-01,cl_south_n,2.043936136077332,24.0,gpcc2025
1961-01-01,cl_central_n,2.148893662648201,5.0,gpcc2025
1961-02-01,cl_central_n,0.16432023191853085,5.0,gpcc2025
1961-03-01,cl_central_n,1.951644034059608,5.0,gpcc2025
1961-04-01,cl_central_n,1.068045561466397,6.0,gpcc2025
1961-05-01,cl_central_n,3.7537236528096876,6.0,gpcc2025
1961-06-01,cl_central_n,5.405377222993992,5.0,gpcc2025
1961-07-01,cl_central_n,6.856753631685159,5.0,gpcc2025
1961-08-01,cl_central_n,5.396209850283528,5.0,gpcc2025
1961-09-01,cl_central_n,5.57160896287094,5.0,gpcc2025
1961-10-01,cl_central_n,1.4657526936811187,5.0,gpcc2025
1961-11-01,cl_central_n,0.195180526569278,5.0,gpcc2025
1961-12-01,cl_central_n,0.1589457036483075,3.0,gpcc2025
1962-01-01,cl_central_n,0.09882208990281088,5.0,gpcc2025
1962-02-01,cl_central_n,0.2066069217658135,2.0,gpcc2025
1962-03-01,cl_central_n,0.7154461886509424,5.0,gpcc2025
1962-04-01,cl_central_n,1.9826240695847004,5.0,gpcc2025
1962-05-01,cl_central_n,3.2295738636523117,4.0,gpcc2025
1962-06-01,cl_central_n,7.934023318722448,4.0,gpcc2025
1962-07-01,cl_central_n,2.4542674458208724,5.0,gpcc2025
1962-08-01,cl_central_n,4.08307798645886,5.0,gpcc2025
1962-09-01,cl_central_n,1.9102564223126846,4.0,gpcc2025
1962-10-01,cl_central_n,1.3915294839233703,4.0,gpcc2025
1962-11-01,cl_central_n,0.3976698384530499,4.0,gpcc2025
1962-12-01,cl_central_n,0.3127081837313948,3.0,gpcc2025
1963-01-01,cl_central_n,0.14199231898371312,4.0,gpcc2025
1963-02-01,cl_central_n,1.2457601490448407,4.0,gpcc2025
1963-03-01,cl_central_n,1.0274082802045423,5.0,gpcc2025
1963-04-01,cl_central_n,1.947933405767442,5.0,gpcc2025
1963-05-01,cl_central_n,3.522215977645414,5.0,gpcc2025
1963-06-01,cl_central_n,6.516697210937733,5.0,gpcc2025
1963-07-01,cl_central_n,8.282713345133365,5.0,gpcc2025
1963-08-01,cl_central_n,10.779977739383142,5.0,gpcc2025
1963-09-01,cl_central_n,5.339542082400814,5.0,gpcc2025
1963-10-01,cl_central_n,2.782060647803785,5.0,gpcc2025
1963-11-01,cl_central_n,2.4335271317549876,5.0,gpcc2025
1963-12-01,cl_central_n,0.21635840547031007,5.0,gpcc2025
1964-01-01,cl_central_n,0.840976574665356,4.0,gpcc2025
1964-02-01,cl_central_n,0.3081449483667268,4.0,gpcc2025
1964-03-01,cl_central_n,0.3148901628182331,4.0,gpcc2025
1964-04-01,cl_central_n,0.9611619762493925,4.0,gpcc2025
1964-05-01,cl_central_n,3.612590993382154,4.0,gpcc2025
1964-06-01,cl_central_n,4.078412535982286,4.0,gpcc2025
1964-07-01,cl_central_n,4.039854761949592,4.0,gpcc2025
1964-08-01,cl_central_n,5.561216347670705,4.0,gpcc2025
1964-09-01,cl_central_n,2.398491232146246,4.0,gpcc2025
1964-10-01,cl_central_n,0.8568787596490016,4.0,gpcc2025
1964-11-01,cl_central_n,1.2400693132656613,4.0,gpcc2025
1964-12-01,cl_central_n,4.944540511468898,4.0,gpcc2025
1965-01-01,cl_central_n,0.3594150677790505,4.0,gpcc2025
1965-02-01,cl_central_n,1.511428065292182,4.0,gpcc2025
1965-03-01,cl_central_n,0.2793861267643527,4.0,gpcc2025
1965-04-01,cl_central_n,4.688452971517543,4.0,gpcc2025
1965-05-01,cl_central_n,4.805486671341365,4.0,gpcc2025
1965-06-01,cl_central_n,6.074648285184017,4.0,gpcc2025
1965-07-01,cl_central_n,11.569528296033086,4.0,gpcc2025
1965-08-01,cl_central_n,8.899022034198605,4.0,gpcc2025
1965-09-01,cl_central_n,1.9781319294683977,4.0,gpcc2025
1965-10-01,cl_central_n,2.6779170390426166,4.0,gpcc2025
1965-11-01,cl_central_n,3.7716778063731455,4.0,gpcc2025
1965-12-01,cl_central_n,0.9279804606239294,4.0,gpcc2025
1961-01-01,cl_south_n,5.233215076843267,16.0,gpcc2025
1961-02-01,cl_south_n,1.589115190385171,16.0,gpcc2025
1961-03-01,cl_south_n,2.132325854079126,16.0,gpcc2025
1961-04-01,cl_south_n,2.832519069135833,16.0,gpcc2025
1961-05-01,cl_south_n,9.694781800606146,16.0,gpcc2025
1961-06-01,cl_south_n,9.55608532181008,16.0,gpcc2025
1961-07-01,cl_south_n,10.667911952888765,16.0,gpcc2025
1961-08-01,cl_south_n,7.957837001695939,16.0,gpcc2025
1961-09-01,cl_south_n,8.067453307596947,16.0,gpcc2025
1961-10-01,cl_south_n,1.9994208806949552,16.0,gpcc2025
1961-11-01,cl_south_n,1.6819099473304642,16.0,gpcc2025
1961-12-01,cl_south_n,0.4709789473024324,16.0,gpcc2025
1962-01-01,cl_south_n,1.4391111683589788,16.0,gpcc2025
1962-02-01,cl_south_n,0.4686322331639083,12.0,gpcc2025
1962-03-01,cl_south_n,2.108012698679132,15.0,gpcc2025
1962-04-01,cl_south_n,3.408500351909039,16.0,gpcc2025
1962-05-01,cl_south_n,3.192348955202888,16.0,gpcc2025
1962-06-01,cl_south_n,7.7033816294455955,16.0,gpcc2025
1962-07-01,cl_south_n,2.8113865471176522,16.0,gpcc2025
1962-08-01,cl_south_n,9.937663058880892,16.0,gpcc2025
1962-09-01,cl_south_n,3.4649170147640844,16.0,gpcc2025
1962-10-01,cl_south_n,1.7577999877442045,16.0,gpcc2025
1962-11-01,cl_south_n,3.8197922783386202,16.0,gpcc2025
1962-12-01,cl_south_n,1.4239490849928462,16.0,gpcc2025
1963-01-01,cl_south_n,1.4880000518770435,16.0,gpcc2025
1963-02-01,cl_south_n,1.28751073702794,16.0,gpcc2025
1963-03-01,cl_south_n,3.1494513454308266,16.0,gpcc2025
1963-04-01,cl_south_n,5.819129425866196,16.0,gpcc2025
1963-05-01,cl_south_n,5.506599749379969,16.0,gpcc2025
1963-06-01,cl_south_n,7.918458007223139,16.0,gpcc2025
1963-07-01,cl_south_n,8.220787962885108,16.0,gpcc2025
1963-08-01,cl_south_n,9.887110086916573,16.0,gpcc2025
1963-09-01,cl_south_n,6.319247682166234,16.0,gpcc2025
1963-10-01,cl_south_n,4.404034293874672,16.0,gpcc2025
1963-11-01,cl_south_n,4.1202765647143655,16.0,gpcc2025
1963-12-01,cl_south_n,2.0860226060981284,16.0,gpcc2025
1964-01-01,cl_south_n,2.4350518444306504,10.0,gpcc2025
1964-02-01,cl_south_n,2.7041091276643026,10.0,gpcc2025
1964-03-01,cl_south_n,1.8508721514416209,10.0,gpcc2025
1964-04-01,cl_south_n,2.7694325387889065,10.0,gpcc2025
1964-05-01,cl_south_n,7.280340238852768,10.0,gpcc2025
1964-06-01,cl_south_n,6.5716629543876035,10.0,gpcc2025
1964-07-01,cl_south_n,4.541475266677058,10.0,gpcc2025
1964-08-01,cl_south_n,8.513863311386265,10.0,gpcc2025
1964-09-01,cl_south_n,4.944007898439425,10.0,gpcc2025
1964-10-01,cl_south_n,2.6035533077057385,10.0,gpcc2025
1964-11-01,cl_south_n,2.014043793371379,10.0,gpcc2025
1964-12-01,cl_south_n,4.838082305074929,10.0,gpcc2025
1965-01-01,cl_south_n,2.0913054445602626,10.0,gpcc2025
1965-02-01,cl_south_n,4.853566382418198,10.0,gpcc2025
1965-03-01,cl_south_n,1.8857265087466786,10.0,gpcc2025
1965-04-01,cl_south_n,6.776293304878981,10.0,gpcc2025
1965-05-01,cl_south_n,5.682824175615412,10.0,gpcc2025
1965-06-01,cl_south_n,10.117992859843612,10.0,gpcc2025
1965-07-01,cl_south_n,9.235925246122834,10.0,gpcc2025
1965-08-01,cl_south_n,10.297383050452618,10.0,gpcc2025
1965-09-01,cl_south_n,2.877720573604168,10.0,gpcc2025
1965-10-01,cl_south_n,4.378360972878316,10.0,gpcc2025
1965-11-01,cl_south_n,6.033765122541738,10.0,gpcc2025
1965-12-01,cl_south_n,2.614836297914012,10.0,gpcc2025
1966-01-01,cl_central_n,0.10089943410868146,2.0,gpcc2025
1966-02-01,cl_central_n,0.16092359606417417,4.0,gpcc2025
1966-03-01,cl_central_n,0.4926902572620851,4.0,gpcc2025
1966-04-01,cl_central_n,4.944009636590782,4.0,gpcc2025
1966-05-01,cl_central_n,3.79778279693836,4.0,gpcc2025
1966-06-01,cl_central_n,13.405511947502161,4.0,gpcc2025
1966-07-01,cl_central_n,8.333125173137645,4.0,gpcc2025
1966-08-01,cl_central_n,5.358429814759744,4.0,gpcc2025
1966-09-01,cl_central_n,1.697295068555704,4.0,gpcc2025
1966-10-01,cl_central_n,1.8221636975125344,4.0,gpcc2025
1966-11-01,cl_central_n,0.5084451181680688,4.0,gpcc2025
1966-12-01,cl_central_n,3.2754567595263744,4.0,gpcc2025
1967-01-01,cl_central_n,1.0099328054505903,4.0,gpcc2025
1967-02-01,cl_central_n,1.263135215377759,4.0,gpcc2025
1967-03-01,cl_central_n,0.3883816978232561,4.0,gpcc2025
1967-04-01,cl_central_n,0.7135221896363725,6.0,gpcc2025
1967-05-01,cl_central_n,7.185233599549115,7.0,gpcc2025
1967-06-01,cl_central_n,4.052308633941701,7.0,gpcc2025
1967-07-01,cl_central_n,5.219134427529621,7.0,gpcc2025
1967-08-01,cl_central_n,3.0810511832308545,7.0,gpcc2025
1967-09-01,cl_central_n,2.74430322092863,6.0,gpcc2025
1967-10-01,cl_central_n,2.2681797679155267,7.0,gpcc2025
1967-11-01,cl_central_n,0.6335542246322858,7.0,gpcc2025
1967-12-01,cl_central_n,0.330901984651987,7.0,gpcc2025
1968-01-01,cl_central_n,0.055749858005375554,7.0,gpcc2025
1968-02-01,cl_central_n,0.8795722594793054,7.0,gpcc2025
1968-03-01,cl_central_n,0.8115715071510006,7.0,gpcc2025
1968-04-01,cl_central_n,1.7422663861827608,7.0,gpcc2025
1968-05-01,cl_central_n,1.7132644895866902,7.0,gpcc2025
1968-06-01,cl_central_n,4.203548891084091,7.0,gpcc2025
1968-07-01,cl_central_n,2.15149595187468,7.0,gpcc2025
1968-08-01,cl_central_n,1.8585901438054653,7.0,gpcc2025
1968-09-01,cl_central_n,3.2064680276297124,7.0,gpcc2025
1968-10-01,cl_central_n,1.858613553076344,7.0,gpcc2025
1968-11-01,cl_central_n,1.3491579933496018,7.0,gpcc2025
1968-12-01,cl_central_n,2.46640979507158,7.0,gpcc2025
1969-01-01,cl_central_n,0.046528765429164225,30.0,gpcc2025
1969-02-01,cl_central_n,0.6455815927022802,29.0,gpcc2025
1969-03-01,cl_central_n,0.48116376628945123,30.0,gpcc2025
1969-04-01,cl_central_n,2.834501024295223,31.0,gpcc2025
1969-05-01,cl_central_n,5.861510234611296,31.0,gpcc2025
1969-06-01,cl_central_n,10.340490564943241,29.0,gpcc2025
1969-07-01,cl_central_n,5.286826012282684,31.0,gpcc2025
1969-08-01,cl_central_n,4.773730863420497,30.0,gpcc2025
1969-09-01,cl_central_n,2.3936335889619387,31.0,gpcc2025
1969-10-01,cl_central_n,1.9598795894293273,30.0,gpcc2025
1969-11-01,cl_central_n,0.8447842567563607,31.0,gpcc2025
1969-12-01,cl_central_n,0.09040201755542265,30.0,gpcc2025
1970-01-01,cl_central_n,0.5339760328852953,29.0,gpcc2025
1970-02-01,cl_central_n,0.1971802092664859,30.0,gpcc2025
1970-03-01,cl_central_n,0.7364770290394688,30.0,gpcc2025
1970-04-01,cl_central_n,1.0298879077572443,27.0,gpcc2025
1970-05-01,cl_central_n,3.8102976597554488,29.0,gpcc2025
1970-06-01,cl_central_n,8.063001999770258,28.0,gpcc2025
1970-07-01,cl_central_n,6.659856318896853,29.0,gpcc2025
1970-08-01,cl_central_n,3.2955768940978767,27.0,gpcc2025
1970-09-01,cl_central_n,2.090822463785084,27.0,gpcc2025
1970-10-01,cl_central_n,1.1488096589957035,30.0,gpcc2025
1970-11-01,cl_central_n,0.6470984300174636,29.0,gpcc2025
1970-12-01,cl_central_n,1.3666779042745973,28.0,gpcc2025
1966-01-01,cl_south_n,0.5934483757966664,10.0,gpcc2025
1966-02-01,cl_south_n,0.789771781846207,10.0,gpcc2025
1966-03-01,cl_south_n,3.2479063482081423,10.0,gpcc2025
1966-04-01,cl_south_n,6.250159639056951,10.0,gpcc2025
1966-05-01,cl_south_n,7.732217676554153,10.0,gpcc2025
1966-06-01,cl_south_n,11.115436683062756,9.0,gpcc2025
1966-07-01,cl_south_n,8.33142873465933,10.0,gpcc2025
1966-08-01,cl_south_n,4.727130070523456,10.0,gpcc2025
1966-09-01,cl_south_n,2.9060560674916234,10.0,gpcc2025
1966-10-01,cl_south_n,2.823134573553219,9.0,gpcc2025
1966-11-01,cl_south_n,1.8279429420943594,9.0,gpcc2025
1966-12-01,cl_south_n,6.378062908672968,9.0,gpcc2025
1967-01-01,cl_south_n,2.726369660793223,9.0,gpcc2025
1967-02-01,cl_south_n,2.6014673960360333,10.0,gpcc2025
1967-03-01,cl_south_n,2.334771840953065,10.0,gpcc2025
1967-04-01,cl_south_n,1.9737233577129878,10.0,gpcc2025
1967-05-01,cl_south_n,11.096056128518343,10.0,gpcc2025
1967-06-01,cl_south_n,4.946468441971674,9.0,gpcc2025
1967-07-01,cl_south_n,8.691495206807591,9.0,gpcc2025
1967-08-01,cl_south_n,10.28908716163922,9.0,gpcc2025
1967-09-01,cl_south_n,4.790801882111171,10.0,gpcc2025
1967-10-01,cl_south_n,4.609709115205293,10.0,gpcc2025
1967-11-01,cl_south_n,2.1345559673376875,10.0,gpcc2025
1967-12-01,cl_south_n,1.7908023664197303,10.0,gpcc2025
1968-01-01,cl_south_n,0.5332127837317002,9.0,gpcc2025
1968-02-01,cl_south_n,4.373788057746079,10.0,gpcc2025
1968-03-01,cl_south_n,2.166754898897104,10.0,gpcc2025
1968-04-01,cl_south_n,3.128569495877968,10.0,gpcc2025
1968-05-01,cl_south_n,4.525667636604648,10.0,gpcc2025
1968-06-01,cl_south_n,4.6095238456541665,10.0,gpcc2025
1968-07-01,cl_south_n,5.500851761557785,10.0,gpcc2025
1968-08-01,cl_south_n,5.207940830688623,10.0,gpcc2025
1968-09-01,cl_south_n,5.656342738963371,10.0,gpcc2025
1968-10-01,cl_south_n,3.391964257958837,10.0,gpcc2025
1968-11-01,cl_south_n,3.047709909840265,10.0,gpcc2025
1968-12-01,cl_south_n,5.437851493267764,10.0,gpcc2025
1969-01-01,cl_south_n,0.41921232745181114,27.0,gpcc2025
1969-02-01,cl_south_n,2.1837954859182296,26.0,gpcc2025
1969-03-01,cl_south_n,1.3076435073015058,27.0,gpcc2025
1969-04-01,cl_south_n,6.843860281829646,27.0,gpcc2025
1969-05-01,cl_south_n,5.86945544518252,27.0,gpcc2025
1969-06-01,cl_south_n,7.9836951481883585,27.0,gpcc2025
1969-07-01,cl_south_n,12.57251051696526,27.0,gpcc2025
1969-08-01,cl_south_n,9.164071163834258,27.0,gpcc2025
1969-09-01,cl_south_n,6.300142448729933,26.0,gpcc2025
1969-10-01,cl_south_n,4.545275813794607,27.0,gpcc2025
1969-11-01,cl_south_n,3.1110285623067018,27.0,gpcc2025
1969-12-01,cl_south_n,1.1046539223412655,27.0,gpcc2025
1970-01-01,cl_south_n,1.441849489198339,27.0,gpcc2025
1970-02-01,cl_south_n,1.3037264185586446,28.0,gpcc2025
1970-03-01,cl_south_n,2.2329299661736455,28.0,gpcc2025
1970-04-01,cl_south_n,5.1729036743902395,28.0,gpcc2025
1970-05-01,cl_south_n,8.676699886821982,28.0,gpcc2025
1970-06-01,cl_south_n,9.789876043652281,28.0,gpcc2025
1970-07-01,cl_south_n,10.374272655794622,28.0,gpcc2025
1970-08-01,cl_south_n,6.981366243779157,28.0,gpcc2025
1970-09-01,cl_south_n,5.085029091361016,26.0,gpcc2025
1970-10-01,cl_south_n,1.6698850589980823,27.0,gpcc2025
1970-11-01,cl_south_n,2.0264034436603784,26.0,gpcc2025
1970-12-01,cl_south_n,4.941863337473507,27.0,gpcc2025
1971-01-01,cl_central_n,0.2885300793236489,31.0,gpcc2025
1971-02-01,cl_central_n,1.0542366123987115,27.0,gpcc2025
1971-03-01,cl_central_n,0.36412912761866123,30.0,gpcc2025
1971-04-01,cl_central_n,1.473502658960805,28.0,gpcc2025
1971-05-01,cl_central_n,6.3485942234435395,29.0,gpcc2025
1971-06-01,cl_central_n,6.835552621429732,30.0,gpcc2025
1971-07-01,cl_central_n,6.215671859424789,30.0,gpcc2025
1971-08-01,cl_central_n,4.271920516292652,30.0,gpcc2025
1971-09-01,cl_central_n,1.9674652653142304,27.0,gpcc2025
1971-10-01,cl_central_n,1.1712324607794722,29.0,gpcc2025
1971-11-01,cl_central_n,0.14627638275360658,30.0,gpcc2025
1971-12-01,cl_central_n,1.9703642016023541,29.0,gpcc2025
1972-01-01,cl_central_n,0.857922671957069,31.0,gpcc2025
1972-02-01,cl_central_n,0.15228147220404795,31.0,gpcc2025
1972-03-01,cl_central_n,1.9650199853037444,29.0,gpcc2025
1972-04-01,cl_central_n,1.1097897305482924,31.0,gpcc2025
1972-05-01,cl_central_n,14.11733520200953,31.0,gpcc2025
1972-06-01,cl_central_n,8.743876098597772,31.0,gpcc2025
1972-07-01,cl_central_n,6.25353611013062,31.0,gpcc2025
1972-08-01,cl_central_n,7.726665887216797,30.0,gpcc2025
1972-09-01,cl_central_n,5.101389228192677,31.0,gpcc2025
1972-10-01,cl_central_n,4.57197435758019,31.0,gpcc2025
1972-11-01,cl_central_n,1.2311348532069746,30.0,gpcc2025
1972-12-01,cl_central_n,0.23523843578474915,31.0,gpcc2025
1973-01-01,cl_central_n,0.14075132131079762,30.0,gpcc2025
1973-02-01,cl_central_n,0.25346987951217176,30.0,gpcc2025
1973-03-01,cl_central_n,0.5758674379246849,29.0,gpcc2025
1973-04-01,cl_central_n,1.1137099574356257,31.0,gpcc2025
1973-05-01,cl_central_n,5.908916752643177,31.0,gpcc2025
1973-06-01,cl_central_n,5.1025830501792475,31.0,gpcc2025
1973-07-01,cl_central_n,5.539772901744591,31.0,gpcc2025
1973-08-01,cl_central_n,2.01861457817596,31.0,gpcc2025
1973-09-01,cl_central_n,0.9245387085498056,31.0,gpcc2025
1973-10-01,cl_central_n,3.9209498739643127,31.0,gpcc2025
1973-11-01,cl_central_n,0.11363282605834298,31.0,gpcc2025
1973-12-01,cl_central_n,0.3497913376320232,31.0,gpcc2025
1974-01-01,cl_central_n,0.7086501894369827,30.0,gpcc2025
1974-02-01,cl_central_n,0.3753060304705405,31.0,gpcc2025
1974-03-01,cl_central_n,0.6191923687459243,31.0,gpcc2025
1974-04-01,cl_central_n,0.35907347870748973,31.0,gpcc2025
1974-05-01,cl_central_n,6.521139258282548,30.0,gpcc2025
1974-06-01,cl_central_n,13.440804651250334,29.0,gpcc2025
1974-07-01,cl_central_n,2.6900811485274287,30.0,gpcc2025
1974-08-01,cl_central_n,2.050940841933642,31.0,gpcc2025
1974-09-01,cl_central_n,2.1362300697327403,31.0,gpcc2025
1974-10-01,cl_central_n,0.7625120001395409,31.0,gpcc2025
1974-11-01,cl_central_n,1.122145653591272,30.0,gpcc2025
1974-12-01,cl_central_n,0.8904927463704622,30.0,gpcc2025
1975-01-01,cl_central_n,0.14907368039563842,30.0,gpcc2025
1975-02-01,cl_central_n,1.1249780522040032,29.0,gpcc2025
1975-03-01,cl_central_n,0.3565567467799954,27.0,gpcc2025
1975-04-01,cl_central_n,3.3482111647764845,27.0,gpcc2025
1975-05-01,cl_central_n,7.6233932057389895,27.0,gpcc2025
1975-06-01,cl_central_n,8.472632342046765,27.0,gpcc2025
1975-07-01,cl_central_n,9.256876866024614,27.0,gpcc2025
1975-08-01,cl_central_n,3.3077962861644163,26.0,gpcc2025
1975-09-01,cl_central_n,1.3860089705047642,27.0,gpcc2025
1975-10-01,cl_central_n,1.3922189466371224,26.0,gpcc2025
1975-11-01,cl_central_n,1.2804743277058217,27.0,gpcc2025
1975-12-01,cl_central_n,0.34223535416258416,27.0,gpcc2025
1971-01-01,cl_south_n,2.9347127353745233,27.0,gpcc2025
1971-02-01,cl_south_n,3.2143567850444126,26.0,gpcc2025
1971-03-01,cl_south_n,2.289396573315009,26.0,gpcc2025
1971-04-01,cl_south_n,3.5623177003257434,27.0,gpcc2025
1971-05-01,cl_south_n,7.653654075369972,27.0,gpcc2025
1971-06-01,cl_south_n,8.42742873408236,27.0,gpcc2025
1971-07-01,cl_south_n,10.909827643256357,27.0,gpcc2025
1971-08-01,cl_south_n,8.350329498630712,26.0,gpcc2025
1971-09-01,cl_south_n,5.062443286302841,26.0,gpcc2025
1971-10-01,cl_south_n,2.313973438286474,27.0,gpcc2025
1971-11-01,cl_south_n,2.3052729641867464,27.0,gpcc2025
1971-12-01,cl_south_n,5.061269704731919,27.0,gpcc2025
1972-01-01,cl_south_n,2.2761495352444556,27.0,gpcc2025
1972-02-01,cl_south_n,1.09474738005374,27.0,gpcc2025
1972-03-01,cl_south_n,2.80833718543372,27.0,gpcc2025
1972-04-01,cl_south_n,2.009003042783976,26.0,gpcc2025
1972-05-01,cl_south_n,12.077309175606818,27.0,gpcc2025
1972-06-01,cl_south_n,7.520984836290854,27.0,gpcc2025
1972-07-01,cl_south_n,8.400668451017449,27.0,gpcc2025
1972-08-01,cl_south_n,7.543667774844766,27.0,gpcc2025
1972-09-01,cl_south_n,5.461441452757482,26.0,gpcc2025
1972-10-01,cl_south_n,5.618437028600073,26.0,gpcc2025
1972-11-01,cl_south_n,2.000475582188897,26.0,gpcc2025
1972-12-01,cl_south_n,1.3134181363554907,25.0,gpcc2025
1973-01-01,cl_south_n,2.2446678895020695,25.0,gpcc2025
1973-02-01,cl_south_n,1.319662033554912,24.0,gpcc2025
1973-03-01,cl_south_n,1.8786044607329315,25.0,gpcc2025
1973-04-01,cl_south_n,2.817669896565009,24.0,gpcc2025
1973-05-01,cl_south_n,6.1695229940175125,25.0,gpcc2025
1973-06-01,cl_south_n,11.019319029725649,25.0,gpcc2025
1973-07-01,cl_south_n,5.672085979433869,24.0,gpcc2025
1973-08-01,cl_south_n,5.6880825334588785,24.0,gpcc2025
1973-09-01,cl_south_n,2.9825802432035737,25.0,gpcc2025
1973-10-01,cl_south_n,4.683569325009919,25.0,gpcc2025
1973-11-01,cl_south_n,1.0837717892792147,26.0,gpcc2025
1973-12-01,cl_south_n,1.1223807099853387,25.0,gpcc2025
1974-01-01,cl_south_n,3.3293235082768966,25.0,gpcc2025
1974-02-01,cl_south_n,1.8595290510829376,25.0,gpcc2025
1974-03-01,cl_south_n,3.002449158610455,26.0,gpcc2025
1974-04-01,cl_south_n,0.9332994462033285,25.0,gpcc2025
1974-05-01,cl_south_n,7.933711565698557,26.0,gpcc2025
1974-06-01,cl_south_n,10.547934380929332,26.0,gpcc2025
1974-07-01,cl_south_n,5.217454541387481,26.0,gpcc2025
1974-08-01,cl_south_n,4.278437565370227,24.0,gpcc2025
1974-09-01,cl_south_n,2.8637329797903397,27.0,gpcc2025
1974-10-01,cl_south_n,1.2292776128269294,27.0,gpcc2025
1974-11-01,cl_south_n,2.476419592030685,27.0,gpcc2025
1974-12-01,cl_south_n,1.4747632723966906,26.0,gpcc2025
1975-01-01,cl_south_n,0.5736936104716731,26.0,gpcc2025
1975-02-01,cl_south_n,3.5367814033843223,26.0,gpcc2025
1975-03-01,cl_south_n,1.5888884891966752,25.0,gpcc2025
1975-04-01,cl_south_n,6.671314266268085,26.0,gpcc2025
1975-05-01,cl_south_n,7.589373958708157,26.0,gpcc2025
1975-06-01,cl_south_n,7.719707020474402,26.0,gpcc2025
1975-07-01,cl_south_n,7.4439165054568015,26.0,gpcc2025
1975-08-01,cl_south_n,4.050045882501108,26.0,gpcc2025
1975-09-01,cl_south_n,3.274412206510114,26.0,gpcc2025
1975-10-01,cl_south_n,2.977122182887682,26.0,gpcc2025
1975-11-01,cl_south_n,3.980262016571678,25.0,gpcc2025
1975-12-01,cl_south_n,2.2880815174777847,25.0,gpcc2025
1976-01-01,cl_central_n,0.44152537957770716,27.0,gpcc2025
1976-02-01,cl_central_n,0.2902002189890431,27.0,gpcc2025
1976-03-01,cl_central_n,0.5918185335405399,28.0,gpcc2025
1976-04-01,cl_central_n,0.4806910746860827,27.0,gpcc2025
1976-05-01,cl_central_n,2.873295954189302,27.0,gpcc2025
1976-06-01,cl_central_n,6.820104225122212,26.0,gpcc2025
1976-07-01,cl_central_n,2.1266681938677574,27.0,gpcc2025
1976-08-01,cl_central_n,2.7425028416849804,27.0,gpcc2025
1976-09-01,cl_central_n,3.06854105427477,27.0,gpcc2025
1976-10-01,cl_central_n,4.410356176176397,26.0,gpcc2025
1976-11-01,cl_central_n,1.7776725899485335,26.0,gpcc2025
1976-12-01,cl_central_n,1.632321726604262,27.0,gpcc2025
1977-01-01,cl_central_n,1.1859168668180435,27.0,gpcc2025
1977-02-01,cl_central_n,0.15548173877434707,27.0,gpcc2025
1977-03-01,cl_central_n,0.6217460127045277,27.0,gpcc2025
1977-04-01,cl_central_n,1.7808759219750714,26.0,gpcc2025
1977-05-01,cl_central_n,6.698631347640399,27.0,gpcc2025
1977-06-01,cl_central_n,7.422914024502467,27.0,gpcc2025
1977-07-01,cl_central_n,12.907544515265293,26.0,gpcc2025
1977-08-01,cl_central_n,4.24580600058359,26.0,gpcc2025
1977-09-01,cl_central_n,2.2068140932825764,25.0,gpcc2025
1977-10-01,cl_central_n,3.1991619897461137,25.0,gpcc2025
1977-11-01,cl_central_n,2.2525433683307052,25.0,gpcc2025
1977-12-01,cl_central_n,0.4791687910637595,24.0,gpcc2025
1978-01-01,cl_central_n,0.11582606863013455,27.0,gpcc2025
1978-02-01,cl_central_n,0.373601262565247,27.0,gpcc2025
1978-03-01,cl_central_n,0.16379490343273664,27.0,gpcc2025
1978-04-01,cl_central_n,0.4028981359756978,27.0,gpcc2025
1978-05-01,cl_central_n,4.038148618699286,27.0,gpcc2025
1978-06-01,cl_central_n,5.336623935465066,27.0,gpcc2025
1978-07-01,cl_central_n,13.454574191563546,27.0,gpcc2025
1978-08-01,cl_central_n,1.9634464482168223,27.0,gpcc2025
1978-09-01,cl_central_n,5.493139935284492,27.0,gpcc2025
1978-10-01,cl_central_n,2.8040328943857973,27.0,gpcc2025
1978-11-01,cl_central_n,3.3548017695738404,27.0,gpcc2025
1978-12-01,cl_central_n,0.15944684854280325,27.0,gpcc2025
1979-01-01,cl_central_n,0.8033701001734347,26.0,gpcc2025
1979-02-01,cl_central_n,0.4604680108550214,26.0,gpcc2025
1979-03-01,cl_central_n,0.2495767754210958,26.0,gpcc2025
1979-04-01,cl_central_n,1.715710846506485,26.0,gpcc2025
1979-05-01,cl_central_n,4.2064685941852655,26.0,gpcc2025
1979-06-01,cl_central_n,1.8537027317367458,26.0,gpcc2025
1979-07-01,cl_central_n,7.812953957451067,26.0,gpcc2025
1979-08-01,cl_central_n,7.0147564347605265,26.0,gpcc2025
1979-09-01,cl_central_n,4.091111685342439,26.0,gpcc2025
1979-10-01,cl_central_n,0.572560958468538,26.0,gpcc2025
1979-11-01,cl_central_n,2.96538132338739,25.0,gpcc2025
1979-12-01,cl_central_n,2.0149024109539253,24.0,gpcc2025
1980-01-01,cl_central_n,0.04648807526241087,37.0,gpcc2025
1980-02-01,cl_central_n,3.6869499132849692,36.0,gpcc2025
1980-03-01,cl_central_n,0.914596519344984,37.0,gpcc2025
1980-04-01,cl_central_n,8.760702514656174,37.0,gpcc2025
1980-05-01,cl_central_n,10.16441236998722,37.0,gpcc2025
1980-06-01,cl_central_n,7.958727053342595,37.0,gpcc2025
1980-07-01,cl_central_n,6.142621416836989,37.0,gpcc2025
1980-08-01,cl_central_n,2.9752344047634582,37.0,gpcc2025
1980-09-01,cl_central_n,2.3358145150089613,37.0,gpcc2025
1980-10-01,cl_central_n,0.1093244456458863,36.0,gpcc2025
1980-11-01,cl_central_n,0.904374768489295,37.0,gpcc2025
1980-12-01,cl_central_n,2.079401518816741,37.0,gpcc2025
1976-01-01,cl_south_n,2.3815534151989217,25.0,gpcc2025
1976-02-01,cl_south_n,1.5763474592056992,25.0,gpcc2025
1976-03-01,cl_south_n,2.040713250532573,25.0,gpcc2025
1976-04-01,cl_south_n,1.326137967345158,25.0,gpcc2025
1976-05-01,cl_south_n,5.744012015172734,26.0,gpcc2025
1976-06-01,cl_south_n,11.510012333741166,26.0,gpcc2025
1976-07-01,cl_south_n,6.55747200340619,26.0,gpcc2025
1976-08-01,cl_south_n,3.3425932011226718,26.0,gpcc2025
1976-09-01,cl_south_n,2.9026716336662894,25.0,gpcc2025
1976-10-01,cl_south_n,3.6759022921161533,25.0,gpcc2025
1976-11-01,cl_south_n,2.860583755926767,23.0,gpcc2025
1976-12-01,cl_south_n,4.047888974314982,25.0,gpcc2025
1977-01-01,cl_south_n,2.040984071372082,25.0,gpcc2025
1977-02-01,cl_south_n,1.2393629049498542,25.0,gpcc2025
1977-03-01,cl_south_n,1.6489492698785286,24.0,gpcc2025
1977-04-01,cl_south_n,4.531892410559078,24.0,gpcc2025
1977-05-01,cl_south_n,9.008918088482934,24.0,gpcc2025
1977-06-01,cl_south_n,11.393854602810036,24.0,gpcc2025
1977-07-01,cl_south_n,13.064575407263497,24.0,gpcc2025
1977-08-01,cl_south_n,5.175972991121888,25.0,gpcc2025
1977-09-01,cl_south_n,4.557830972433808,25.0,gpcc2025
1977-10-01,cl_south_n,4.303460903083162,21.0,gpcc2025
1977-11-01,cl_south_n,6.160288943408011,25.0,gpcc2025
1977-12-01,cl_south_n,1.4754095517183898,24.0,gpcc2025
1978-01-01,cl_south_n,1.8611051003755616,26.0,gpcc2025
1978-02-01,cl_south_n,1.1999165633465163,26.0,gpcc2025
1978-03-01,cl_south_n,1.1726741483899086,26.0,gpcc2025
1978-04-01,cl_south_n,0.9847026599520028,26.0,gpcc2025
1978-05-01,cl_south_n,8.480577624519652,27.0,gpcc2025
1978-06-01,cl_south_n,6.4087912672131715,27.0,gpcc2025
1978-07-01,cl_south_n,16.420656501070837,27.0,gpcc2025
1978-08-01,cl_south_n,4.158978806530608,26.0,gpcc2025
1978-09-01,cl_south_n,7.5943994693565084,26.0,gpcc2025
1978-10-01,cl_south_n,5.764473446499487,26.0,gpcc2025
1978-11-01,cl_south_n,3.6332895980834796,26.0,gpcc2025
1978-12-01,cl_south_n,0.292076342068778,26.0,gpcc2025
1979-01-01,cl_south_n,0.8384743194609359,26.0,gpcc2025
1979-02-01,cl_south_n,1.2638311332692724,26.0,gpcc2025
1979-03-01,cl_south_n,1.2922632505857266,26.0,gpcc2025
1979-04-01,cl_south_n,2.0636930335662074,26.0,gpcc2025
1979-05-01,cl_south_n,9.249827979972201,25.0,gpcc2025
1979-06-01,cl_south_n,3.947806393835903,26.0,gpcc2025
1979-07-01,cl_south_n,7.712324575577705,25.0,gpcc2025
1979-08-01,cl_south_n,12.025993071211424,26.0,gpcc2025
1979-09-01,cl_south_n,5.012062761643446,26.0,gpcc2025
1979-10-01,cl_south_n,3.4792382945647256,26.0,gpcc2025
1979-11-01,cl_south_n,4.585807214317425,25.0,gpcc2025
1979-12-01,cl_south_n,3.647696962665208,26.0,gpcc2025
1980-01-01,cl_south_n,0.7924847309856121,31.0,gpcc2025
1980-02-01,cl_south_n,5.04190999154287,31.0,gpcc2025
1980-03-01,cl_south_n,2.1843671752419875,31.0,gpcc2025
1980-04-01,cl_south_n,8.850900449851672,31.0,gpcc2025
1980-05-01,cl_south_n,14.218128667756767,31.0,gpcc2025
1980-06-01,cl_south_n,8.305981885017987,31.0,gpcc2025
1980-07-01,cl_south_n,7.223392661307701,31.0,gpcc2025
1980-08-01,cl_south_n,7.628044765706714,31.0,gpcc2025
1980-09-01,cl_south_n,3.6242424208830695,31.0,gpcc2025
1980-10-01,cl_south_n,0.5770462197411504,31.0,gpcc2025
1980-11-01,cl_south_n,2.427132530134463,30.0,gpcc2025
1980-12-01,cl_south_n,3.4284605326945163,31.0,gpcc2025
1981-01-01,cl_central_n,2.0705956974092334,33.0,gpcc2025
1981-02-01,cl_central_n,0.32554405448100443,33.0,gpcc2025
1981-03-01,cl_central_n,1.0494545016760324,33.0,gpcc2025
1981-04-01,cl_central_n,3.107097212256612,33.0,gpcc2025
1981-05-01,cl_central_n,15.672336068615936,33.0,gpcc2025
1981-06-01,cl_central_n,3.0933289654933276,33.0,gpcc2025
1981-07-01,cl_central_n,4.7412468663524105,32.0,gpcc2025
1981-08-01,cl_central_n,3.595224089204839,33.0,gpcc2025
1981-09-01,cl_central_n,2.270967874440737,33.0,gpcc2025
1981-10-01,cl_central_n,1.0511964009121786,33.0,gpcc2025
1981-11-01,cl_central_n,0.36019176472985615,33.0,gpcc2025
1981-12-01,cl_central_n,0.30198096919116274,33.0,gpcc2025
1982-01-01,cl_central_n,1.6042584332957213,31.0,gpcc2025
1982-02-01,cl_central_n,0.8149251076622458,32.0,gpcc2025
1982-03-01,cl_central_n,0.6948633199455071,32.0,gpcc2025
1982-04-01,cl_central_n,0.930735531377857,32.0,gpcc2025
1982-05-01,cl_central_n,8.87485158120771,32.0,gpcc2025
1982-06-01,cl_central_n,12.76553617074316,32.0,gpcc2025
1982-07-01,cl_central_n,9.823266114273217,32.0,gpcc2025
1982-08-01,cl_central_n,5.802576545148759,32.0,gpcc2025
1982-09-01,cl_central_n,6.745509322771329,32.0,gpcc2025
1982-10-01,cl_central_n,4.392127365724775,31.0,gpcc2025
1982-11-01,cl_central_n,1.2268760542529853,31.0,gpcc2025
1982-12-01,cl_central_n,0.11011151967390247,32.0,gpcc2025
1983-01-01,cl_central_n,1.1814042454198204,33.0,gpcc2025
1983-02-01,cl_central_n,0.2219246560698795,33.0,gpcc2025
1983-03-01,cl_central_n,0.16724510092894235,33.0,gpcc2025
1983-04-01,cl_central_n,1.5446559170520897,33.0,gpcc2025
1983-05-01,cl_central_n,3.8019107696366765,33.0,gpcc2025
1983-06-01,cl_central_n,7.181072735345162,33.0,gpcc2025
1983-07-01,cl_central_n,6.379142741793738,33.0,gpcc2025
1983-08-01,cl_central_n,4.381980742263841,33.0,gpcc2025
1983-09-01,cl_central_n,2.5124364102786663,33.0,gpcc2025
1983-10-01,cl_central_n,0.6263445436452373,33.0,gpcc2025
1983-11-01,cl_central_n,0.1731184269907974,33.0,gpcc2025
1983-12-01,cl_central_n,0.2515933115633626,33.0,gpcc2025
1984-01-01,cl_central_n,0.44358691387784627,33.0,gpcc2025
1984-02-01,cl_central_n,1.1758237570912513,33.0,gpcc2025
1984-03-01,cl_central_n,0.5700028280610416,33.0,gpcc2025
1984-04-01,cl_central_n,1.0567885379031468,33.0,gpcc2025
1984-05-01,cl_central_n,11.741646084236717,33.0,gpcc2025
1984-06-01,cl_central_n,6.208123313323832,33.0,gpcc2025
1984-07-01,cl_central_n,12.105965483528385,33.0,gpcc2025
1984-08-01,cl_central_n,3.2643610368834186,33.0,gpcc2025
1984-09-01,cl_central_n,4.833669926443973,33.0,gpcc2025
1984-10-01,cl_central_n,4.5951962977125484,33.0,gpcc2025
1984-11-01,cl_central_n,0.7272182527310981,33.0,gpcc2025
1984-12-01,cl_central_n,0.24600591098730717,32.0,gpcc2025
1985-01-01,cl_central_n,1.0192622996100207,32.0,gpcc2025
1985-02-01,cl_central_n,0.11123222921698818,32.0,gpcc2025
1985-03-01,cl_central_n,0.6758200443267776,33.0,gpcc2025
1985-04-01,cl_central_n,2.5740610849669108,33.0,gpcc2025
1985-05-01,cl_central_n,6.150839473419159,33.0,gpcc2025
1985-06-01,cl_central_n,4.284940192896972,33.0,gpcc2025
1985-07-01,cl_central_n,5.65253404211363,33.0,gpcc2025
1985-08-01,cl_central_n,1.3839677629168898,33.0,gpcc2025
1985-09-01,cl_central_n,2.9462464036650755,33.0,gpcc2025
1985-10-01,cl_central_n,3.358354206841865,33.0,gpcc2025
1985-11-01,cl_central_n,1.1220455589492648,33.0,gpcc2025
1985-12-01,cl_central_n,0.15085846453060792,33.0,gpcc2025
1981-01-01,cl_south_n,4.982297276621981,27.0,gpcc2025
1981-02-01,cl_south_n,0.8933656038232864,26.0,gpcc2025
1981-03-01,cl_south_n,2.924846974582737,27.0,gpcc2025
1981-04-01,cl_south_n,4.110200894654139,28.0,gpcc2025
1981-05-01,cl_south_n,13.90094218981435,28.0,gpcc2025
1981-06-01,cl_south_n,7.008299686531686,28.0,gpcc2025
1981-07-01,cl_south_n,5.966157598696039,28.0,gpcc2025
1981-08-01,cl_south_n,4.5703576992886275,28.0,gpcc2025
1981-09-01,cl_south_n,4.861288576697489,26.0,gpcc2025
1981-10-01,cl_south_n,1.8690873774793766,27.0,gpcc2025
1981-11-01,cl_south_n,1.164857033020605,25.0,gpcc2025
1981-12-01,cl_south_n,1.648417642455985,25.0,gpcc2025
1982-01-01,cl_south_n,2.692734430790924,27.0,gpcc2025
1982-02-01,cl_south_n,2.3117772640532572,27.0,gpcc2025
1982-03-01,cl_south_n,1.9129362823626306,28.0,gpcc2025
1982-04-01,cl_south_n,1.9670915887691838,28.0,gpcc2025
1982-05-01,cl_south_n,9.703268956491367,28.0,gpcc2025
1982-06-01,cl_south_n,9.433016109552382,28.0,gpcc2025
1982-07-01,cl_south_n,9.639223492984222,28.0,gpcc2025
1982-08-01,cl_south_n,7.72456878373755,28.0,gpcc2025
1982-09-01,cl_south_n,5.604497926686294,28.0,gpcc2025
1982-10-01,cl_south_n,4.555399589723824,28.0,gpcc2025
1982-11-01,cl_south_n,2.5715215283930304,28.0,gpcc2025
1982-12-01,cl_south_n,0.45986151566677413,27.0,gpcc2025
1983-01-01,cl_south_n,1.8386566343298258,27.0,gpcc2025
1983-02-01,cl_south_n,0.8408933079069005,28.0,gpcc2025
1983-03-01,cl_south_n,1.8974266546965763,28.0,gpcc2025
1983-04-01,cl_south_n,4.8578805846862245,27.0,gpcc2025
1983-05-01,cl_south_n,5.263400472029978,27.0,gpcc2025
1983-06-01,cl_south_n,8.126880704745496,27.0,gpcc2025
1983-07-01,cl_south_n,6.182270934867079,28.0,gpcc2025
1983-08-01,cl_south_n,4.554958212121527,28.0,gpcc2025
1983-09-01,cl_south_n,6.137802235273635,28.0,gpcc2025
1983-10-01,cl_south_n,2.2626475232163186,28.0,gpcc2025
1983-11-01,cl_south_n,0.6657091959779876,28.0,gpcc2025
1983-12-01,cl_south_n,0.6891987609088164,28.0,gpcc2025
1984-01-01,cl_south_n,1.7245469982202681,26.0,gpcc2025
1984-02-01,cl_south_n,3.1494644634161535,25.0,gpcc2025
1984-03-01,cl_south_n,1.510897239524366,26.0,gpcc2025
1984-04-01,cl_south_n,2.8026751137214156,27.0,gpcc2025
1984-05-01,cl_south_n,11.686520511700225,27.0,gpcc2025
1984-06-01,cl_south_n,8.45808822349787,27.0,gpcc2025
1984-07-01,cl_south_n,7.836163439045905,27.0,gpcc2025
1984-08-01,cl_south_n,3.062276164968785,27.0,gpcc2025
1984-09-01,cl_south_n,5.370686566282165,27.0,gpcc2025
1984-10-01,cl_south_n,7.110216077152839,27.0,gpcc2025
1984-11-01,cl_south_n,2.3928878735135015,27.0,gpcc2025
1984-12-01,cl_south_n,1.269568319006208,27.0,gpcc2025
1985-01-01,cl_south_n,2.2820302012744462,26.0,gpcc2025
1985-02-01,cl_south_n,2.385610492203932,25.0,gpcc2025
1985-03-01,cl_south_n,2.564197394573184,26.0,gpcc2025
1985-04-01,cl_south_n,5.693672355069143,27.0,gpcc2025
1985-05-01,cl_south_n,10.710439705777905,27.0,gpcc2025
1985-06-01,cl_south_n,7.813967097870427,26.0,gpcc2025
1985-07-01,cl_south_n,5.26112430505275,26.0,gpcc2025
1985-08-01,cl_south_n,3.8714217811385536,27.0,gpcc2025
1985-09-01,cl_south_n,4.710009874171728,27.0,gpcc2025
1985-10-01,cl_south_n,2.9362855081655796,27.0,gpcc2025
1985-11-01,cl_south_n,2.724749183280293,27.0,gpcc2025
1985-12-01,cl_south_n,1.0152964164632077,27.0,gpcc2025
1986-01-01,cl_central_n,0.3857450651565046,34.0,gpcc2025
1986-02-01,cl_central_n,0.3836814476064109,34.0,gpcc2025
1986-03-01,cl_central_n,1.2363196640374028,34.0,gpcc2025
1986-04-01,cl_central_n,4.319880478652133,34.0,gpcc2025
1986-05-01,cl_central_n,10.107851264366662,34.0,gpcc2025
1986-06-01,cl_central_n,9.178900804252132,34.0,gpcc2025
1986-07-01,cl_central_n,2.777079915073906,34.0,gpcc2025
1986-08-01,cl_central_n,5.803401633523584,34.0,gpcc2025
1986-09-01,cl_central_n,1.6525276204493222,34.0,gpcc2025
1986-10-01,cl_central_n,1.0778732631356882,34.0,gpcc2025
1986-11-01,cl_central_n,5.411851409067231,34.0,gpcc2025
1986-12-01,cl_central_n,0.19242524380060977,34.0,gpcc2025
1987-01-01,cl_central_n,0.02868615807221616,34.0,gpcc2025
1987-02-01,cl_central_n,0.16909480414318406,34.0,gpcc2025
1987-03-01,cl_central_n,1.8062634445876613,34.0,gpcc2025
1987-04-01,cl_central_n,1.0592957707641537,34.0,gpcc2025
1987-05-01,cl_central_n,3.9695081687743077,34.0,gpcc2025
1987-06-01,cl_central_n,3.308795695806896,34.0,gpcc2025
1987-07-01,cl_central_n,13.030911908264422,33.0,gpcc2025
1987-08-01,cl_central_n,6.438801979531488,34.0,gpcc2025
1987-09-01,cl_central_n,3.628680444593096,34.0,gpcc2025
1987-10-01,cl_central_n,2.1783358066433975,34.0,gpcc2025
1987-11-01,cl_central_n,0.44606358106646854,34.0,gpcc2025
1987-12-01,cl_central_n,0.7053219010883868,34.0,gpcc2025
1988-01-01,cl_central_n,0.40633089600094546,34.0,gpcc2025
1988-02-01,cl_central_n,0.05683439538665823,34.0,gpcc2025
1988-03-01,cl_central_n,1.0766482800607755,34.0,gpcc2025
1988-04-01,cl_central_n,1.247067039409633,34.0,gpcc2025
1988-05-01,cl_central_n,1.7584899955757674,34.0,gpcc2025
1988-06-01,cl_central_n,6.599376548522922,34.0,gpcc2025
1988-07-01,cl_central_n,5.8442307846170705,34.0,gpcc2025
1988-08-01,cl_central_n,7.002565838294688,34.0,gpcc2025
1988-09-01,cl_central_n,1.813371520341272,34.0,gpcc2025
1988-10-01,cl_central_n,1.0272923717651785,34.0,gpcc2025
1988-11-01,cl_central_n,0.5711428520031705,34.0,gpcc2025
1988-12-01,cl_central_n,0.4689995127502158,34.0,gpcc2025
1989-01-01,cl_central_n,0.22477692452701353,34.0,gpcc2025
1989-02-01,cl_central_n,0.16182171051262845,34.0,gpcc2025
1989-03-01,cl_central_n,0.5116383839282448,34.0,gpcc2025
1989-04-01,cl_central_n,0.19008622587555948,34.0,gpcc2025
1989-05-01,cl_central_n,1.4421819864175918,34.0,gpcc2025
1989-06-01,cl_central_n,7.045078570062305,34.0,gpcc2025
1989-07-01,cl_central_n,6.306931680974585,34.0,gpcc2025
1989-08-01,cl_central_n,4.727121523708953,34.0,gpcc2025
1989-09-01,cl_central_n,1.2922589676283631,34.0,gpcc2025
1989-10-01,cl_central_n,0.7933660305765645,34.0,gpcc2025
1989-11-01,cl_central_n,0.3580025332574721,34.0,gpcc2025
1989-12-01,cl_central_n,1.9769097409355734,34.0,gpcc2025
1990-01-01,cl_central_n,0.3494667047299868,34.0,gpcc2025
1990-02-01,cl_central_n,0.7768385159110266,34.0,gpcc2025
1990-03-01,cl_central_n,2.5522950716347697,34.0,gpcc2025
1990-04-01,cl_central_n,2.0305975009567954,34.0,gpcc2025
1990-05-01,cl_central_n,3.082147825012985,34.0,gpcc2025
1990-06-01,cl_central_n,2.653665310124789,34.0,gpcc2025
1990-07-01,cl_central_n,3.5071329032760987,34.0,gpcc2025
1990-08-01,cl_central_n,3.264839813554713,34.0,gpcc2025
1990-09-01,cl_central_n,5.722924776703236,34.0,gpcc2025
1990-10-01,cl_central_n,1.421540805319713,34.0,gpcc2025
1990-11-01,cl_central_n,0.9136743875067103,34.0,gpcc2025
1990-12-01,cl_central_n,0.18569262556654562,34.0,gpcc2025
1986-01-01,cl_south_n,1.8367128537626753,28.0,gpcc2025
1986-02-01,cl_south_n,3.7652285239530117,28.0,gpcc2025
1986-03-01,cl_south_n,3.4936935724044678,27.0,gpcc2025
1986-04-01,cl_south_n,7.028063383475839,28.0,gpcc2025
1986-05-01,cl_south_n,9.603098575180102,28.0,gpcc2025
1986-06-01,cl_south_n,8.395346080335335,28.0,gpcc2025
1986-07-01,cl_south_n,4.7564375334789455,28.0,gpcc2025
1986-08-01,cl_south_n,7.831297712404446,28.0,gpcc2025
1986-09-01,cl_south_n,3.1730469603699576,28.0,gpcc2025
1986-10-01,cl_south_n,2.726905241514934,27.0,gpcc2025
1986-11-01,cl_south_n,4.953172105055832,28.0,gpcc2025
1986-12-01,cl_south_n,0.7058585534402241,28.0,gpcc2025
1987-01-01,cl_south_n,0.5317308309285143,28.0,gpcc2025
1987-02-01,cl_south_n,1.0823200241505897,27.0,gpcc2025
1987-03-01,cl_south_n,3.1086395203446564,27.0,gpcc2025
1987-04-01,cl_south_n,3.8152758982547903,28.0,gpcc2025
1987-05-01,cl_south_n,4.521146993057461,27.0,gpcc2025
1987-06-01,cl_south_n,6.66794486088147,27.0,gpcc2025
1987-07-01,cl_south_n,11.113197098127651,27.0,gpcc2025
1987-08-01,cl_south_n,6.145123048945959,27.0,gpcc2025
1987-09-01,cl_south_n,4.515788414965568,28.0,gpcc2025
1987-10-01,cl_south_n,4.503643330864223,27.0,gpcc2025
1987-11-01,cl_south_n,1.7589313204683419,28.0,gpcc2025
1987-12-01,cl_south_n,1.653692830277858,27.0,gpcc2025
1988-01-01,cl_south_n,1.9086888670003896,28.0,gpcc2025
1988-02-01,cl_south_n,0.3169686781210857,28.0,gpcc2025
1988-03-01,cl_south_n,2.653486080041005,27.0,gpcc2025
1988-04-01,cl_south_n,2.7477518284348337,28.0,gpcc2025
1988-05-01,cl_south_n,3.7810341654286934,28.0,gpcc2025
1988-06-01,cl_south_n,7.188094049263697,28.0,gpcc2025
1988-07-01,cl_south_n,4.137336613821275,28.0,gpcc2025
1988-08-01,cl_south_n,7.284510066029209,28.0,gpcc2025
1988-09-01,cl_south_n,2.7527190559478956,28.0,gpcc2025
1988-10-01,cl_south_n,3.816301199280306,28.0,gpcc2025
1988-11-01,cl_south_n,1.1594924496705976,28.0,gpcc2025
1988-12-01,cl_south_n,2.1459922414215016,28.0,gpcc2025
1989-01-01,cl_south_n,1.4599679274640327,28.0,gpcc2025
1989-02-01,cl_south_n,1.3340573019305513,28.0,gpcc2025
1989-03-01,cl_south_n,2.2499510245116436,27.0,gpcc2025
1989-04-01,cl_south_n,2.6827897647466274,27.0,gpcc2025
1989-05-01,cl_south_n,2.684065308880376,27.0,gpcc2025
1989-06-01,cl_south_n,8.477263624190009,27.0,gpcc2025
1989-07-01,cl_south_n,7.691656125006917,28.0,gpcc2025
1989-08-01,cl_south_n,7.676228840412417,27.0,gpcc2025
1989-09-01,cl_south_n,2.454487204903754,28.0,gpcc2025
1989-10-01,cl_south_n,1.975427883371661,28.0,gpcc2025
1989-11-01,cl_south_n,1.7290224243283732,28.0,gpcc2025
1989-12-01,cl_south_n,5.184624736792025,28.0,gpcc2025
1990-01-01,cl_south_n,1.3509579842200734,29.0,gpcc2025
1990-02-01,cl_south_n,1.6889873605256314,28.0,gpcc2025
1990-03-01,cl_south_n,3.387082177225113,29.0,gpcc2025
1990-04-01,cl_south_n,5.505158856157933,29.0,gpcc2025
1990-05-01,cl_south_n,7.662772039939719,29.0,gpcc2025
1990-06-01,cl_south_n,6.561583523612105,29.0,gpcc2025
1990-07-01,cl_south_n,5.174919268439735,29.0,gpcc2025
1990-08-01,cl_south_n,5.463732855157619,29.0,gpcc2025
1990-09-01,cl_south_n,7.169293934112522,29.0,gpcc2025
1990-10-01,cl_south_n,2.8590567232053594,29.0,gpcc2025
1990-11-01,cl_south_n,2.096790038718776,29.0,gpcc2025
1990-12-01,cl_south_n,1.370579794612939,29.0,gpcc2025
1991-01-01,cl_central_n,0.7276782840936029,34.0,gpcc2025
1991-02-01,cl_central_n,0.12900173573568927,34.0,gpcc2025
1991-03-01,cl_central_n,0.5528583557390653,34.0,gpcc2025
1991-04-01,cl_central_n,3.3350784825923174,34.0,gpcc2025
1991-05-01,cl_central_n,10.87156983750565,34.0,gpcc2025
1991-06-01,cl_central_n,5.225111443783414,35.0,gpcc2025
1991-07-01,cl_central_n,6.122640849564207,34.0,gpcc2025
1991-08-01,cl_central_n,2.022804387430451,34.0,gpcc2025
1991-09-01,cl_central_n,3.23957303195641,34.0,gpcc2025
1991-10-01,cl_central_n,1.894316929588539,34.0,gpcc2025
1991-11-01,cl_central_n,1.0427324234985211,34.0,gpcc2025
1991-12-01,cl_central_n,2.399575741109677,34.0,gpcc2025
1992-01-01,cl_central_n,0.11156777309371067,30.0,gpcc2025
1992-02-01,cl_central_n,0.45944127930523615,30.0,gpcc2025
1992-03-01,cl_central_n,1.721584732581417,30.0,gpcc2025
1992-04-01,cl_central_n,3.2156621227159934,30.0,gpcc2025
1992-05-01,cl_central_n,16.775579712202934,30.0,gpcc2025
1992-06-01,cl_central_n,9.824332485704486,30.0,gpcc2025
1992-07-01,cl_central_n,2.6902308238941655,30.0,gpcc2025
1992-08-01,cl_central_n,4.037451623582725,30.0,gpcc2025
1992-09-01,cl_central_n,2.843403065157971,30.0,gpcc2025
1992-10-01,cl_central_n,1.5978612716756018,30.0,gpcc2025
1992-11-01,cl_central_n,0.6183255798104921,30.0,gpcc2025
1992-12-01,cl_central_n,1.3025479773503144,30.0,gpcc2025
1993-01-01,cl_central_n,0.12109556972173709,28.0,gpcc2025
1993-02-01,cl_central_n,0.06325212230811525,28.0,gpcc2025
1993-03-01,cl_central_n,0.6289752448026236,28.0,gpcc2025
1993-04-01,cl_central_n,3.5443815472944062,28.0,gpcc2025
1993-05-01,cl_central_n,8.750639688383655,28.0,gpcc2025
1993-06-01,cl_central_n,9.195114131732135,28.0,gpcc2025
1993-07-01,cl_central_n,5.079820074224904,27.0,gpcc2025
1993-08-01,cl_central_n,3.663896674040561,28.0,gpcc2025
1993-09-01,cl_central_n,0.9016808523797135,28.0,gpcc2025
1993-10-01,cl_central_n,1.6820006246410373,28.0,gpcc2025
1993-11-01,cl_central_n,0.8155684478739788,28.0,gpcc2025
1993-12-01,cl_central_n,0.6813016867849768,26.0,gpcc2025
1994-01-01,cl_central_n,0.10747577284594412,29.0,gpcc2025
1994-02-01,cl_central_n,0.17822549402879856,28.0,gpcc2025
1994-03-01,cl_central_n,0.3467734498847554,29.0,gpcc2025
1994-04-01,cl_central_n,4.346633727314924,28.0,gpcc2025
1994-05-01,cl_central_n,2.6361643536858614,30.0,gpcc2025
1994-06-01,cl_central_n,7.191249897814239,29.0,gpcc2025
1994-07-01,cl_central_n,6.530268744346625,29.0,gpcc2025
1994-08-01,cl_central_n,1.177214337220895,29.0,gpcc2025
1994-09-01,cl_central_n,3.8127497545312985,30.0,gpcc2025
1994-10-01,cl_central_n,1.848068709971236,28.0,gpcc2025
1994-11-01,cl_central_n,0.5217268748415342,28.0,gpcc2025
1994-12-01,cl_central_n,0.9650405999877054,29.0,gpcc2025
1995-01-01,cl_central_n,0.12256201967149169,28.0,gpcc2025
1995-02-01,cl_central_n,0.22282049937273254,28.0,gpcc2025
1995-03-01,cl_central_n,0.34968558436604347,28.0,gpcc2025
1995-04-01,cl_central_n,3.6221987422110113,28.0,gpcc2025
1995-05-01,cl_central_n,1.699029664254459,28.0,gpcc2025
1995-06-01,cl_central_n,7.98761372093754,28.0,gpcc2025
1995-07-01,cl_central_n,9.378149952773027,28.0,gpcc2025
1995-08-01,cl_central_n,5.209643503039207,28.0,gpcc2025
1995-09-01,cl_central_n,1.1543459816928012,26.0,gpcc2025
1995-10-01,cl_central_n,1.5407919961287575,26.0,gpcc2025
1995-11-01,cl_central_n,0.2443390823701722,27.0,gpcc2025
1995-12-01,cl_central_n,0.09300348339641884,27.0,gpcc2025
1991-01-01,cl_south_n,1.4524639208254133,29.0,gpcc2025
1991-02-01,cl_south_n,1.0653465720612074,29.0,gpcc2025
1991-03-01,cl_south_n,2.159182060755185,29.0,gpcc2025
1991-04-01,cl_south_n,4.059529871824212,29.0,gpcc2025
1991-05-01,cl_south_n,10.251384579394465,29.0,gpcc2025
1991-06-01,cl_south_n,5.601553542177801,29.0,gpcc2025
1991-07-01,cl_south_n,7.934413229528685,29.0,gpcc2025
1991-08-01,cl_south_n,4.832986244095017,29.0,gpcc2025
1991-09-01,cl_south_n,5.108052350316654,29.0,gpcc2025
1991-10-01,cl_south_n,2.604596980096715,29.0,gpcc2025
1991-11-01,cl_south_n,1.9458242838385154,29.0,gpcc2025
1991-12-01,cl_south_n,7.118536180782711,29.0,gpcc2025
1992-01-01,cl_south_n,0.7776716622355535,27.0,gpcc2025
1992-02-01,cl_south_n,2.82256510301104,25.0,gpcc2025
1992-03-01,cl_south_n,3.554514712929105,26.0,gpcc2025
1992-04-01,cl_south_n,5.394180336539139,27.0,gpcc2025
1992-05-01,cl_south_n,9.986643873899476,27.0,gpcc2025
1992-06-01,cl_south_n,10.986495905966617,26.0,gpcc2025
1992-07-01,cl_south_n,5.040626578015974,27.0,gpcc2025
1992-08-01,cl_south_n,4.674581752958818,27.0,gpcc2025
1992-09-01,cl_south_n,5.912383442125359,26.0,gpcc2025
1992-10-01,cl_south_n,5.989688036274832,27.0,gpcc2025
1992-11-01,cl_south_n,1.987482401126797,27.0,gpcc2025
1992-12-01,cl_south_n,3.0279222490490976,26.0,gpcc2025
1993-01-01,cl_south_n,1.3965716884475536,26.0,gpcc2025
1993-02-01,cl_south_n,0.6372724962577364,27.0,gpcc2025
1993-03-01,cl_south_n,4.687535195622507,27.0,gpcc2025
1993-04-01,cl_south_n,6.7975941747057025,27.0,gpcc2025
1993-05-01,cl_south_n,12.596155264003869,27.0,gpcc2025
1993-06-01,cl_south_n,11.40631914102221,26.0,gpcc2025
1993-07-01,cl_south_n,11.12268746068463,27.0,gpcc2025
1993-08-01,cl_south_n,4.8869824081660935,26.0,gpcc2025
1993-09-01,cl_south_n,2.603725037566634,27.0,gpcc2025
1993-10-01,cl_south_n,3.516476584924485,27.0,gpcc2025
1993-11-01,cl_south_n,3.9342709235117286,27.0,gpcc2025
1993-12-01,cl_south_n,3.02469790771029,26.0,gpcc2025
1994-01-01,cl_south_n,1.3358687139342944,27.0,gpcc2025
1994-02-01,cl_south_n,1.0618017032767972,25.0,gpcc2025
1994-03-01,cl_south_n,1.7034706824385906,27.0,gpcc2025
1994-04-01,cl_south_n,4.80748349437341,27.0,gpcc2025
1994-05-01,cl_south_n,7.031892490386866,27.0,gpcc2025
1994-06-01,cl_south_n,10.538767174368424,26.0,gpcc2025
1994-07-01,cl_south_n,9.298776594843538,27.0,gpcc2025
1994-08-01,cl_south_n,4.279345758919171,27.0,gpcc2025
1994-09-01,cl_south_n,6.278773931881121,27.0,gpcc2025
1994-10-01,cl_south_n,4.497871041856782,27.0,gpcc2025
1994-11-01,cl_south_n,4.0955119117639835,27.0,gpcc2025
1994-12-01,cl_south_n,3.474017055275602,27.0,gpcc2025
1995-01-01,cl_south_n,2.3082134523999653,26.0,gpcc2025
1995-02-01,cl_south_n,0.7135111580542511,26.0,gpcc2025
1995-03-01,cl_south_n,1.7605927834493675,26.0,gpcc2025
1995-04-01,cl_south_n,5.402939554455514,25.0,gpcc2025
1995-05-01,cl_south_n,4.721424406021589,24.0,gpcc2025
1995-06-01,cl_south_n,12.746204509112902,25.0,gpcc2025
1995-07-01,cl_south_n,9.20532592760346,25.0,gpcc2025
1995-08-01,cl_south_n,8.490862181971009,25.0,gpcc2025
1995-09-01,cl_south_n,2.924916597114397,25.0,gpcc2025
1995-10-01,cl_south_n,3.506022584174097,26.0,gpcc2025
1995-11-01,cl_south_n,1.3487171830878013,26.0,gpcc2025
1995-12-01,cl_south_n,0.41551855615729544,26.0,gpcc2025
1996-01-01,cl_central_n,0.15560922686355416,29.0,gpcc2025
1996-02-01,cl_central_n,0.5841917539432615,30.0,gpcc2025
1996-03-01,cl_central_n,1.2571247467390951,30.0,gpcc2025
1996-04-01,cl_central_n,1.9567879389597338,30.0,gpcc2025
1996-05-01,cl_central_n,2.3567036304284015,30.0,gpcc2025
1996-06-01,cl_central_n,4.55170939494351,31.0,gpcc2025
1996-07-01,cl_central_n,2.1602343250684872,31.0,gpcc2025
1996-08-01,cl_central_n,5.582027414341262,31.0,gpcc2025
1996-09-01,cl_central_n,0.5487012652415023,31.0,gpcc2025
1996-10-01,cl_central_n,0.5844782489318586,31.0,gpcc2025
1996-11-01,cl_central_n,0.8355034244061685,31.0,gpcc2025
1996-12-01,cl_central_n,0.4787737868736785,30.0,gpcc2025
1997-01-01,cl_central_n,0.40482995351853374,30.0,gpcc2025
1997-02-01,cl_central_n,0.6780848964836633,30.0,gpcc2025
1997-03-01,cl_central_n,0.07690048600573297,29.0,gpcc2025
1997-04-01,cl_central_n,5.427946387871311,29.0,gpcc2025
1997-05-01,cl_central_n,4.364032378645321,28.0,gpcc2025
1997-06-01,cl_central_n,12.995658532004098,29.0,gpcc2025
1997-07-01,cl_central_n,4.826718354458601,29.0,gpcc2025
1997-08-01,cl_central_n,3.0921036752791764,29.0,gpcc2025
1997-09-01,cl_central_n,3.5735255799879995,29.0,gpcc2025
1997-10-01,cl_central_n,5.273234062934915,29.0,gpcc2025
1997-11-01,cl_central_n,2.0230980979620026,27.0,gpcc2025
1997-12-01,cl_central_n,0.5325943910751493,29.0,gpcc2025
1998-01-01,cl_central_n,0.04656934906264553,28.0,gpcc2025
1998-02-01,cl_central_n,0.1715970054257876,30.0,gpcc2025
1998-03-01,cl_central_n,0.23842405296870234,30.0,gpcc2025
1998-04-01,cl_central_n,1.4103861919382303,29.0,gpcc2025
1998-05-01,cl_central_n,3.418422327269777,29.0,gpcc2025
1998-06-01,cl_central_n,3.102384854425649,29.0,gpcc2025
1998-07-01,cl_central_n,1.500108053286401,29.0,gpcc2025
1998-08-01,cl_central_n,2.3000824273019878,30.0,gpcc2025
1998-09-01,cl_central_n,1.7747245433686056,29.0,gpcc2025
1998-10-01,cl_central_n,0.1603385134272195,27.0,gpcc2025
1998-11-01,cl_central_n,0.3356940776196254,28.0,gpcc2025
1998-12-01,cl_central_n,0.35019674861384914,28.0,gpcc2025
1999-01-01,cl_central_n,0.19163165415517247,27.0,gpcc2025
1999-02-01,cl_central_n,0.40023484463191394,27.0,gpcc2025
1999-03-01,cl_central_n,0.4926909561415636,27.0,gpcc2025
1999-04-01,cl_central_n,0.7101030216471337,28.0,gpcc2025
1999-05-01,cl_central_n,3.865549913156232,29.0,gpcc2025
1999-06-01,cl_central_n,8.3169214655535,29.0,gpcc2025
1999-07-01,cl_central_n,2.8812400161429546,29.0,gpcc2025
1999-08-01,cl_central_n,6.016508720230195,29.0,gpcc2025
1999-09-01,cl_central_n,6.915005122510332,28.0,gpcc2025
1999-10-01,cl_central_n,0.5114496218042286,27.0,gpcc2025
1999-11-01,cl_central_n,0.30053468040619974,27.0,gpcc2025
1999-12-01,cl_central_n,0.30662639347535625,27.0,gpcc2025
2000-01-01,cl_central_n,0.03962874476288223,28.0,gpcc2025
2000-02-01,cl_central_n,3.3024050840903256,28.0,gpcc2025
2000-03-01,cl_central_n,0.19739584702947427,28.0,gpcc2025
2000-04-01,cl_central_n,1.1623803652888853,28.0,gpcc2025
2000-05-01,cl_central_n,2.1005169731873043,26.0,gpcc2025
2000-06-01,cl_central_n,18.97811521231345,28.0,gpcc2025
2000-07-01,cl_central_n,2.565201914044783,28.0,gpcc2025
2000-08-01,cl_central_n,4.109130596464128,28.0,gpcc2025
2000-09-01,cl_central_n,7.6061540819312,26.0,gpcc2025
2000-10-01,cl_central_n,0.716891692338299,26.0,gpcc2025
2000-11-01,cl_central_n,0.5808019710741272,24.0,gpcc2025
2000-12-01,cl_central_n,0.4968123595874502,26.0,gpcc2025
1996-01-01,cl_south_n,1.2365940370023971,28.0,gpcc2025
1996-02-01,cl_south_n,2.025715714160556,28.0,gpcc2025
1996-03-01,cl_south_n,3.4083641504223983,28.0,gpcc2025
1996-04-01,cl_south_n,3.773306608154639,28.0,gpcc2025
1996-05-01,cl_south_n,5.842961009463745,27.0,gpcc2025
1996-06-01,cl_south_n,4.146187154526961,27.0,gpcc2025
1996-07-01,cl_south_n,3.065054082153425,27.0,gpcc2025
1996-08-01,cl_south_n,7.202918781265267,26.0,gpcc2025
1996-09-01,cl_south_n,2.51506079066649,27.0,gpcc2025
1996-10-01,cl_south_n,2.6034100661472,27.0,gpcc2025
1996-11-01,cl_south_n,3.1266195631501263,26.0,gpcc2025
1996-12-01,cl_south_n,1.5924459189138291,26.0,gpcc2025
1997-01-01,cl_south_n,3.7389074633201296,25.0,gpcc2025
1997-02-01,cl_south_n,1.5533514745425283,26.0,gpcc2025
1997-03-01,cl_south_n,0.8677211334783509,26.0,gpcc2025
1997-04-01,cl_south_n,8.737873966506553,27.0,gpcc2025
1997-05-01,cl_south_n,5.539693871574046,25.0,gpcc2025
1997-06-01,cl_south_n,11.78623369879516,26.0,gpcc2025
1997-07-01,cl_south_n,11.002410701956896,27.0,gpcc2025
1997-08-01,cl_south_n,5.262261729065327,26.0,gpcc2025
1997-09-01,cl_south_n,4.872680776018584,26.0,gpcc2025
1997-10-01,cl_south_n,5.672941952133602,27.0,gpcc2025
1997-11-01,cl_south_n,4.195653483044739,27.0,gpcc2025
1997-12-01,cl_south_n,1.9293107380593828,27.0,gpcc2025
1998-01-01,cl_south_n,0.960388641012146,27.0,gpcc2025
1998-02-01,cl_south_n,0.6690559468213282,26.0,gpcc2025
1998-03-01,cl_south_n,1.5161924850751436,26.0,gpcc2025
1998-04-01,cl_south_n,2.7219865748141316,27.0,gpcc2025
1998-05-01,cl_south_n,4.187051093796097,27.0,gpcc2025
1998-06-01,cl_south_n,4.510891166212968,26.0,gpcc2025
1998-07-01,cl_south_n,4.129435242180066,26.0,gpcc2025
1998-08-01,cl_south_n,6.090422171736564,27.0,gpcc2025
1998-09-01,cl_south_n,2.834975171700394,27.0,gpcc2025
1998-10-01,cl_south_n,1.060635129008826,25.0,gpcc2025
1998-11-01,cl_south_n,1.3672267600632824,27.0,gpcc2025
1998-12-01,cl_south_n,1.3215997063679301,27.0,gpcc2025
1999-01-01,cl_south_n,1.06115658942369,26.0,gpcc2025
1999-02-01,cl_south_n,1.61165213741714,25.0,gpcc2025
1999-03-01,cl_south_n,2.599450132028561,27.0,gpcc2025
1999-04-01,cl_south_n,1.5776451142463963,26.0,gpcc2025
1999-05-01,cl_south_n,5.686014931932245,26.0,gpcc2025
1999-06-01,cl_south_n,12.058288545610539,25.0,gpcc2025
1999-07-01,cl_south_n,5.206001486292856,26.0,gpcc2025
1999-08-01,cl_south_n,9.93881216336307,25.0,gpcc2025
1999-09-01,cl_south_n,6.312233417595967,25.0,gpcc2025
1999-10-01,cl_south_n,1.2113455857204527,25.0,gpcc2025
1999-11-01,cl_south_n,1.903986046661004,25.0,gpcc2025
1999-12-01,cl_south_n,1.2660007463682483,25.0,gpcc2025
2000-01-01,cl_south_n,1.067112052359746,25.0,gpcc2025
2000-02-01,cl_south_n,5.1055474061976955,24.0,gpcc2025
2000-03-01,cl_south_n,2.3177262490211707,25.0,gpcc2025
2000-04-01,cl_south_n,3.5559507933756476,25.0,gpcc2025
2000-05-01,cl_south_n,3.5255688631335866,25.0,gpcc2025
2000-06-01,cl_south_n,18.594254303128707,25.0,gpcc2025
2000-07-01,cl_south_n,7.39081269913731,25.0,gpcc2025
2000-08-01,cl_south_n,4.747273642560071,25.0,gpcc2025
2000-09-01,cl_south_n,5.716593819494113,25.0,gpcc2025
2000-10-01,cl_south_n,3.240509620763867,25.0,gpcc2025
2000-11-01,cl_south_n,2.887886122750984,25.0,gpcc2025
2000-12-01,cl_south_n,2.3117101882375564,24.0,gpcc2025
2001-01-01,cl_central_n,1.595248229292946,26.0,gpcc2025
2001-02-01,cl_central_n,0.17831179756323853,26.0,gpcc2025
2001-03-01,cl_central_n,0.8871773195043683,27.0,gpcc2025
2001-04-01,cl_central_n,1.84659979468482,25.0,gpcc2025
2001-05-01,cl_central_n,10.808956218188815,28.0,gpcc2025
2001-06-01,cl_central_n,4.9670630888209955,28.0,gpcc2025
2001-07-01,cl_central_n,13.001795692281298,25.0,gpcc2025
2001-08-01,cl_central_n,6.303596607791775,25.0,gpcc2025
2001-09-01,cl_central_n,1.1787714586609161,24.0,gpcc2025
2001-10-01,cl_central_n,0.7385811773100983,24.0,gpcc2025
2001-11-01,cl_central_n,1.049745270670542,24.0,gpcc2025
2001-12-01,cl_central_n,0.11166571390353638,22.0,gpcc2025
2002-01-01,cl_central_n,0.1315187265062018,24.0,gpcc2025
2002-02-01,cl_central_n,3.3842664405830276,23.0,gpcc2025
2002-03-01,cl_central_n,3.2193623786658168,21.0,gpcc2025
2002-04-01,cl_central_n,1.9630301233479701,21.0,gpcc2025
2002-05-01,cl_central_n,7.073910518923342,22.0,gpcc2025
2002-06-01,cl_central_n,4.885609345128597,22.0,gpcc2025
2002-07-01,cl_central_n,4.7727129610777235,22.0,gpcc2025
2002-08-01,cl_central_n,11.318596178114634,22.0,gpcc2025
2002-09-01,cl_central_n,4.078810884672682,23.0,gpcc2025
2002-10-01,cl_central_n,5.610871140724338,22.0,gpcc2025
2002-11-01,cl_central_n,1.8234928080760364,20.0,gpcc2025
2002-12-01,cl_central_n,0.6392237856756418,20.0,gpcc2025
2003-01-01,cl_central_n,0.6023489974645763,19.0,gpcc2025
2003-02-01,cl_central_n,0.11053158861236194,20.0,gpcc2025
2003-03-01,cl_central_n,0.35582789489341377,21.0,gpcc2025
2003-04-01,cl_central_n,0.704922639289449,19.0,gpcc2025
2003-05-01,cl_central_n,2.6834635510807616,20.0,gpcc2025
2003-06-01,cl_central_n,8.984790452506722,20.0,gpcc2025
2003-07-01,cl_central_n,2.8501642392850663,19.0,gpcc2025
2003-08-01,cl_central_n,2.14785439927448,18.0,gpcc2025
2003-09-01,cl_central_n,3.201621425060059,19.0,gpcc2025
2003-10-01,cl_central_n,1.4730214816941065,19.0,gpcc2025
2003-11-01,cl_central_n,2.2765697257088964,19.0,gpcc2025
2003-12-01,cl_central_n,0.5047428241590837,17.0,gpcc2025
2004-01-01,cl_central_n,0.0805819661581952,19.0,gpcc2025
2004-02-01,cl_central_n,0.471237824287174,20.0,gpcc2025
2004-03-01,cl_central_n,1.867887929347263,19.0,gpcc2025
2004-04-01,cl_central_n,4.9782667397353775,17.0,gpcc2025
2004-05-01,cl_central_n,1.4772767533744657,18.0,gpcc2025
2004-06-01,cl_central_n,6.21817316160298,20.0,gpcc2025
2004-07-01,cl_central_n,6.648070920989433,19.0,gpcc2025
2004-08-01,cl_central_n,3.290537732728948,19.0,gpcc2025
2004-09-01,cl_central_n,2.7596754578163027,18.0,gpcc2025
2004-10-01,cl_central_n,3.0776943774904115,17.0,gpcc2025
2004-11-01,cl_central_n,1.750259105060305,15.0,gpcc2025
2004-12-01,cl_central_n,0.7120888478122998,2.0,gpcc2025
2005-01-01,cl_central_n,0.07370705657978853,21.0,gpcc2025
2005-02-01,cl_central_n,0.1047218975704153,22.0,gpcc2025
2005-03-01,cl_central_n,0.6451920650902611,18.0,gpcc2025
2005-04-01,cl_central_n,0.543086964491253,23.0,gpcc2025
2005-05-01,cl_central_n,9.315490555538602,22.0,gpcc2025
2005-06-01,cl_central_n,12.301478984259907,24.0,gpcc2025
2005-07-01,cl_central_n,5.579062735253616,24.0,gpcc2025
2005-08-01,cl_central_n,7.65471329292782,21.0,gpcc2025
2005-09-01,cl_central_n,1.5024265046096896,20.0,gpcc2025
2005-10-01,cl_central_n,0.7672170403836984,18.0,gpcc2025
2005-11-01,cl_central_n,1.7334216623166385,20.0,gpcc2025
2005-12-01,cl_central_n,1.074462760731214,18.0,gpcc2025
2001-01-01,cl_south_n,4.294260346094676,24.0,gpcc2025
2001-02-01,cl_south_n,1.3403475748831588,21.0,gpcc2025
2001-03-01,cl_south_n,2.9919735324005092,23.0,gpcc2025
2001-04-01,cl_south_n,2.528673171313173,23.0,gpcc2025
2001-05-01,cl_south_n,10.289524632136201,24.0,gpcc2025
2001-06-01,cl_south_n,9.285563603833713,24.0,gpcc2025
2001-07-01,cl_south_n,12.58536678907132,22.0,gpcc2025
2001-08-01,cl_south_n,5.180668047334139,24.0,gpcc2025
2001-09-01,cl_south_n,2.250680219229617,24.0,gpcc2025
2001-10-01,cl_south_n,1.7550486415050222,24.0,gpcc2025
2001-11-01,cl_south_n,2.8870144702832565,24.0,gpcc2025
2001-12-01,cl_south_n,0.3980140721164694,23.0,gpcc2025
2002-01-01,cl_south_n,1.1072189662299834,25.0,gpcc2025
2002-02-01,cl_south_n,2.5223842214854897,25.0,gpcc2025
2002-03-01,cl_south_n,4.679656234172687,25.0,gpcc2025
2002-04-01,cl_south_n,4.36384062725019,23.0,gpcc2025
2002-05-01,cl_south_n,9.900030280091135,25.0,gpcc2025
2002-06-01,cl_south_n,7.354452369896025,25.0,gpcc2025
2002-07-01,cl_south_n,6.197439573657883,25.0,gpcc2025
2002-08-01,cl_south_n,8.32645540894957,24.0,gpcc2025
2002-09-01,cl_south_n,6.144250107717225,24.0,gpcc2025
2002-10-01,cl_south_n,9.971961789483608,24.0,gpcc2025
2002-11-01,cl_south_n,5.445818338932227,23.0,gpcc2025
2002-12-01,cl_south_n,2.5408102975675093,23.0,gpcc2025
2003-01-01,cl_south_n,1.5752588179278957,23.0,gpcc2025
2003-02-01,cl_south_n,0.8899787789881978,23.0,gpcc2025
2003-03-01,cl_south_n,1.8343464779554712,23.0,gpcc2025
2003-04-01,cl_south_n,2.531129579872621,23.0,gpcc2025
2003-05-01,cl_south_n,2.7884524780623727,22.0,gpcc2025
2003-06-01,cl_south_n,13.730245487940717,22.0,gpcc2025
2003-07-01,cl_south_n,6.02198871587831,23.0,gpcc2025
2003-08-01,cl_south_n,4.496063639960166,23.0,gpcc2025
2003-09-01,cl_south_n,6.688033758120437,21.0,gpcc2025
2003-10-01,cl_south_n,3.4076115458706324,23.0,gpcc2025
2003-11-01,cl_south_n,3.7773884142376177,23.0,gpcc2025
2003-12-01,cl_south_n,2.8632300442108862,18.0,gpcc2025
2004-01-01,cl_south_n,0.8596483493733004,21.0,gpcc2025
2004-02-01,cl_south_n,1.0521516710662562,21.0,gpcc2025
2004-03-01,cl_south_n,2.553399795355511,22.0,gpcc2025
2004-04-01,cl_south_n,8.358395651135153,22.0,gpcc2025
2004-05-01,cl_south_n,1.3565026941700424,18.0,gpcc2025
2004-06-01,cl_south_n,13.330717513801506,19.0,gpcc2025
2004-07-01,cl_south_n,8.060690711702202,20.0,gpcc2025
2004-08-01,cl_south_n,4.796288202724477,20.0,gpcc2025
2004-09-01,cl_south_n,4.823186948604451,20.0,gpcc2025
2004-10-01,cl_south_n,5.485429635683169,19.0,gpcc2025
2004-11-01,cl_south_n,3.1071195522034074,19.0,gpcc2025
2004-12-01,cl_south_n,1.7425564095464698,8.0,gpcc2025
2005-01-01,cl_south_n,1.3158811190934292,21.0,gpcc2025
2005-02-01,cl_south_n,0.5599547616053173,20.0,gpcc2025
2005-03-01,cl_south_n,3.5795707895205977,21.0,gpcc2025
2005-04-01,cl_south_n,2.668067320878654,21.0,gpcc2025
2005-05-01,cl_south_n,15.770951165628178,22.0,gpcc2025
2005-06-01,cl_south_n,10.972900405515825,23.0,gpcc2025
2005-07-01,cl_south_n,6.910407262028987,23.0,gpcc2025
2005-08-01,cl_south_n,7.856747073507018,21.0,gpcc2025
2005-09-01,cl_south_n,2.861695117392235,20.0,gpcc2025
2005-10-01,cl_south_n,1.8386435359668667,21.0,gpcc2025
2005-11-01,cl_south_n,6.190954056212243,21.0,gpcc2025
2005-12-01,cl_south_n,1.7318539586433161,21.0,gpcc2025
2006-01-01,cl_central_n,0.8796659401916221,19.0,gpcc2025
2006-02-01,cl_central_n,0.3097598264285952,19.0,gpcc2025
2006-03-01,cl_central_n,0.36908561243161014,19.0,gpcc2025
2006-04-01,cl_central_n,2.677019068531223,20.0,gpcc2025
2006-05-01,cl_central_n,3.4221513252326647,20.0,gpcc2025
2006-06-01,cl_central_n,9.629314205005402,21.0,gpcc2025
2006-07-01,cl_central_n,10.211264637891086,21.0,gpcc2025
2006-08-01,cl_central_n,5.845108567847178,21.0,gpcc2025
2006-09-01,cl_central_n,2.2344843001193415,20.0,gpcc2025
2006-10-01,cl_central_n,2.9140005704206,20.0,gpcc2025
2006-11-01,cl_central_n,0.35347666617861334,19.0,gpcc2025
2006-12-01,cl_central_n,1.6059946727220464,21.0,gpcc2025
2007-01-01,cl_central_n,0.46376080725575347,21.0,gpcc2025
2007-02-01,cl_central_n,2.036199997784168,19.0,gpcc2025
2007-03-01,cl_central_n,0.47759583565175023,16.0,gpcc2025
2007-04-01,cl_central_n,2.22393998187614,20.0,gpcc2025
2007-05-01,cl_central_n,1.7164922552040338,19.0,gpcc2025
2007-06-01,cl_central_n,3.163309215887294,9.0,gpcc2025
2007-07-01,cl_central_n,6.020543392937122,10.0,gpcc2025
2007-08-01,cl_central_n,3.911826819092612,15.0,gpcc2025
2007-09-01,cl_central_n,1.4769124641504492,14.0,gpcc2025
2007-10-01,cl_central_n,1.0841247163231502,2.0,gpcc2025
2007-11-01,cl_central_n,0.2015028266523085,2.0,gpcc2025
2007-12-01,cl_central_n,0.5127138639811503,2.0,gpcc2025
2008-01-01,cl_central_n,0.25731318177947193,2.0,gpcc2025
2008-02-01,cl_central_n,0.2995567316983969,2.0,gpcc2025
2008-03-01,cl_central_n,0.3252442628294732,2.0,gpcc2025
2008-04-01,cl_central_n,2.029279518314875,2.0,gpcc2025
2008-05-01,cl_central_n,10.950442607122332,2.0,gpcc2025
2008-06-01,cl_central_n,3.8372240649953815,2.0,gpcc2025
2008-07-01,cl_central_n,6.035961977480882,2.0,gpcc2025
2008-08-01,cl_central_n,5.764109239057183,2.0,gpcc2025
2008-09-01,cl_central_n,1.986085150789984,2.0,gpcc2025
2008-10-01,cl_central_n,0.8588505165344316,2.0,gpcc2025
2008-11-01,cl_central_n,0.4579502679153012,2.0,gpcc2025
2008-12-01,cl_central_n,0.15673381194316954,2.0,gpcc2025
2009-01-01,cl_central_n,0.24260401288158331,2.0,gpcc2025
2009-02-01,cl_central_n,0.4447270485936566,2.0,gpcc2025
2009-03-01,cl_central_n,0.16551747856823001,2.0,gpcc2025
2009-04-01,cl_central_n,0.7753144389899745,2.0,gpcc2025
2009-05-01,cl_central_n,5.740565459400891,3.0,gpcc2025
2009-06-01,cl_central_n,7.139403219360379,2.0,gpcc2025
2009-07-01,cl_central_n,3.309376133799144,2.0,gpcc2025
2009-08-01,cl_central_n,5.34902007910316,2.0,gpcc2025
2009-09-01,cl_central_n,2.15492065646606,2.0,gpcc2025
2009-10-01,cl_central_n,1.8397759077325395,2.0,gpcc2025
2009-11-01,cl_central_n,1.5402007501419879,3.0,gpcc2025
2009-12-01,cl_central_n,0.22681588183447307,2.0,gpcc2025
2010-01-01,cl_central_n,0.3608549607470462,2.0,gpcc2025
2010-02-01,cl_central_n,1.5240316790540638,2.0,gpcc2025
2010-03-01,cl_central_n,0.30978580189866933,2.0,gpcc2025
2010-04-01,cl_central_n,0.6900489431949228,2.0,gpcc2025
2010-05-01,cl_central_n,2.632462296339132,2.0,gpcc2025
2010-06-01,cl_central_n,5.749427759792565,3.0,gpcc2025
2010-07-01,cl_central_n,5.305398254921184,3.0,gpcc2025
2010-08-01,cl_central_n,3.0221119530915104,2.0,gpcc2025
2010-09-01,cl_central_n,1.1721551115855309,2.0,gpcc2025
2010-10-01,cl_central_n,1.1566986770529815,2.0,gpcc2025
2010-11-01,cl_central_n,0.6783224465150604,2.0,gpcc2025
2010-12-01,cl_central_n,0.4781034244739247,2.0,gpcc2025
2006-01-01,cl_south_n,3.976377491645937,21.0,gpcc2025
2006-02-01,cl_south_n,1.3842409482733693,21.0,gpcc2025
2006-03-01,cl_south_n,3.106124840931835,21.0,gpcc2025
2006-04-01,cl_south_n,6.536739484432975,21.0,gpcc2025
2006-05-01,cl_south_n,5.574623961590659,21.0,gpcc2025
2006-06-01,cl_south_n,13.103853322680374,21.0,gpcc2025
2006-07-01,cl_south_n,10.62761762805402,21.0,gpcc2025
2006-08-01,cl_south_n,6.605583660351234,20.0,gpcc2025
2006-09-01,cl_south_n,5.271399736614728,20.0,gpcc2025
2006-10-01,cl_south_n,4.7341601622020955,20.0,gpcc2025
2006-11-01,cl_south_n,1.7984855997846942,19.0,gpcc2025
2006-12-01,cl_south_n,4.053966234354963,19.0,gpcc2025
2007-01-01,cl_south_n,0.79908450230763,20.0,gpcc2025
2007-02-01,cl_south_n,1.9594126297697567,20.0,gpcc2025
2007-03-01,cl_south_n,1.772716333870284,20.0,gpcc2025
2007-04-01,cl_south_n,4.925127835646034,20.0,gpcc2025
2007-05-01,cl_south_n,3.0998097091065535,19.0,gpcc2025
2007-06-01,cl_south_n,6.296339395901899,20.0,gpcc2025
2007-07-01,cl_south_n,7.688631710291083,20.0,gpcc2025
2007-08-01,cl_south_n,5.347992699841182,18.0,gpcc2025
2007-09-01,cl_south_n,3.972166164272861,19.0,gpcc2025
2007-10-01,cl_south_n,3.3452554117242514,7.0,gpcc2025
2007-11-01,cl_south_n,1.317641596714431,7.0,gpcc2025
2007-12-01,cl_south_n,1.3676452896252984,7.0,gpcc2025
2008-01-01,cl_south_n,1.3411624596511238,7.0,gpcc2025
2008-02-01,cl_south_n,1.0718921881316528,7.0,gpcc2025
2008-03-01,cl_south_n,1.4968018059882888,7.0,gpcc2025
2008-04-01,cl_south_n,3.05066311965261,7.0,gpcc2025
2008-05-01,cl_south_n,10.987804649322308,7.0,gpcc2025
2008-06-01,cl_south_n,5.134988645122577,7.0,gpcc2025
2008-07-01,cl_south_n,9.807439205755092,7.0,gpcc2025
2008-08-01,cl_south_n,11.042612336371342,7.0,gpcc2025
2008-09-01,cl_south_n,2.2832028322369866,7.0,gpcc2025
2008-10-01,cl_south_n,1.8376668963412857,7.0,gpcc2025
2008-11-01,cl_south_n,2.7085225759539022,7.0,gpcc2025
2008-12-01,cl_south_n,0.9221000397217832,7.0,gpcc2025
2009-01-01,cl_south_n,0.8479511713044886,7.0,gpcc2025
2009-02-01,cl_south_n,2.006251726420794,7.0,gpcc2025
2009-03-01,cl_south_n,1.3584898691070089,7.0,gpcc2025
2009-04-01,cl_south_n,3.4479407900093038,7.0,gpcc2025
2009-05-01,cl_south_n,9.32654901258928,8.0,gpcc2025
2009-06-01,cl_south_n,6.9442135230502124,7.0,gpcc2025
2009-07-01,cl_south_n,4.337078651641034,7.0,gpcc2025
2009-08-01,cl_south_n,9.762328136262457,7.0,gpcc2025
2009-09-01,cl_south_n,2.9770340801225017,7.0,gpcc2025
2009-10-01,cl_south_n,4.914326929103933,7.0,gpcc2025
2009-11-01,cl_south_n,3.611397823343911,9.0,gpcc2025
2009-12-01,cl_south_n,2.507461989022427,7.0,gpcc2025
2010-01-01,cl_south_n,1.6433930521019988,7.0,gpcc2025
2010-02-01,cl_south_n,2.7511998701195095,7.0,gpcc2025
2010-03-01,cl_south_n,2.1580485475487023,7.0,gpcc2025
2010-04-01,cl_south_n,1.6438964686943807,7.0,gpcc2025
2010-05-01,cl_south_n,3.8595929568648955,7.0,gpcc2025
2010-06-01,cl_south_n,8.189910716134365,8.0,gpcc2025
2010-07-01,cl_south_n,6.203150787170642,7.0,gpcc2025
2010-08-01,cl_south_n,6.4744872891692316,7.0,gpcc2025
2010-09-01,cl_south_n,2.587733506953294,7.0,gpcc2025
2010-10-01,cl_south_n,2.489162155907838,7.0,gpcc2025
2010-11-01,cl_south_n,2.325309050917724,7.0,gpcc2025
2010-12-01,cl_south_n,2.251993596473369,7.0,gpcc2025
2011-01-01,cl_central_n,0.9354546954217906,2.0,gpcc2025
2011-02-01,cl_central_n,0.4516415765946507,2.0,gpcc2025
2011-03-01,cl_central_n,1.1268574872112525,2.0,gpcc2025
2011-04-01,cl_central_n,3.0507214448961517,2.0,gpcc2025
2011-05-01,cl_central_n,2.331229088192639,2.0,gpcc2025
2011-06-01,cl_central_n,5.104814671974741,2.0,gpcc2025
2011-07-01,cl_central_n,4.413282405881068,2.0,gpcc2025
2011-08-01,cl_central_n,5.336786732072068,2.0,gpcc2025
2011-09-01,cl_central_n,2.338395101109549,3.0,gpcc2025
2011-10-01,cl_central_n,0.8263153407626826,3.0,gpcc2025
2011-11-01,cl_central_n,0.5162099673432907,3.0,gpcc2025
2011-12-01,cl_central_n,0.11437355414097054,3.0,gpcc2025
2012-01-01,cl_central_n,0.3070973455242962,2.0,gpcc2025
2012-02-01,cl_central_n,2.100538148547461,2.0,gpcc2025
2012-03-01,cl_central_n,0.22517144854248844,2.0,gpcc2025
2012-04-01,cl_central_n,0.5580101820323065,3.0,gpcc2025
2012-05-01,cl_central_n,5.014004677668681,2.0,gpcc2025
2012-06-01,cl_central_n,6.514367920179498,2.0,gpcc2025
2012-07-01,cl_central_n,2.0910119673967213,2.0,gpcc2025
2012-08-01,cl_central_n,4.276190386036904,2.0,gpcc2025
2012-09-01,cl_central_n,1.1300708264256019,3.0,gpcc2025
2012-10-01,cl_central_n,1.7294731042787357,3.0,gpcc2025
2012-11-01,cl_central_n,1.4095224862796718,3.0,gpcc2025
2012-12-01,cl_central_n,2.918471116213514,3.0,gpcc2025
2013-01-01,cl_central_n,0.12695038482611137,3.0,gpcc2025
2013-02-01,cl_central_n,0.5992694221123663,3.0,gpcc2025
2013-03-01,cl_central_n,0.2426039126447276,3.0,gpcc2025
2013-04-01,cl_central_n,1.130209192380089,3.0,gpcc2025
2013-05-01,cl_central_n,5.305257952348768,3.0,gpcc2025
2013-06-01,cl_central_n,3.762469234974079,2.0,gpcc2025
2013-07-01,cl_central_n,3.1153337185163616,3.0,gpcc2025
2013-08-01,cl_central_n,3.4889890653321536,2.0,gpcc2025
2013-09-01,cl_central_n,1.5158247197166232,3.0,gpcc2025
2013-10-01,cl_central_n,1.05271731021629,3.0,gpcc2025
2013-11-01,cl_central_n,0.5178560891209639,3.0,gpcc2025
2013-12-01,cl_central_n,0.10044014634135658,3.0,gpcc2025
2014-01-01,cl_central_n,0.43781026794221106,3.0,gpcc2025
2014-02-01,cl_central_n,0.5375944124916195,3.0,gpcc2025
2014-03-01,cl_central_n,1.6083861510914639,3.0,gpcc2025
2014-04-01,cl_central_n,1.6590153001734291,3.0,gpcc2025
2014-05-01,cl_central_n,4.208682737865613,3.0,gpcc2025
2014-06-01,cl_central_n,6.425247553169063,3.0,gpcc2025
2014-07-01,cl_central_n,4.544088446787266,3.0,gpcc2025
2014-08-01,cl_central_n,4.1616615484885084,2.0,gpcc2025
2014-09-01,cl_central_n,3.3069892943952324,3.0,gpcc2025
2014-10-01,cl_central_n,0.6316259511594736,3.0,gpcc2025
2014-11-01,cl_central_n,0.39668678142611646,3.0,gpcc2025
2014-12-01,cl_central_n,0.3787146002917409,3.0,gpcc2025
2015-01-01,cl_central_n,0.06373654438717698,3.0,gpcc2025
2015-02-01,cl_central_n,0.46905936534665377,3.0,gpcc2025
2015-03-01,cl_central_n,0.3070222815898165,3.0,gpcc2025
2015-04-01,cl_central_n,1.1157969899253752,3.0,gpcc2025
2015-05-01,cl_central_n,3.002799374318513,3.0,gpcc2025
2015-06-01,cl_central_n,4.057954860421165,3.0,gpcc2025
2015-07-01,cl_central_n,6.998747669985494,3.0,gpcc2025
2015-08-01,cl_central_n,6.15087990561819,3.0,gpcc2025
2015-09-01,cl_central_n,3.480269735973574,3.0,gpcc2025
2015-10-01,cl_central_n,2.5994947273617517,3.0,gpcc2025
2015-11-01,cl_central_n,0.5457631721566601,3.0,gpcc2025
2015-12-01,cl_central_n,0.30788212855043645,3.0,gpcc2025
2011-01-01,cl_south_n,2.414373857409929,7.0,gpcc2025
2011-02-01,cl_south_n,1.1311096198251618,7.0,gpcc2025
2011-03-01,cl_south_n,3.2560701308066093,7.0,gpcc2025
2011-04-01,cl_south_n,4.828693762752137,7.0,gpcc2025
2011-05-01,cl_south_n,4.985465725676961,7.0,gpcc2025
2011-06-01,cl_south_n,6.390527874075483,7.0,gpcc2025
2011-07-01,cl_south_n,6.778718974478632,7.0,gpcc2025
2011-08-01,cl_south_n,6.923630538873254,7.0,gpcc2025
2011-09-01,cl_south_n,5.182414142310566,7.0,gpcc2025
2011-10-01,cl_south_n,1.8701443798037307,7.0,gpcc2025
2011-11-01,cl_south_n,2.557993256982621,7.0,gpcc2025
2011-12-01,cl_south_n,0.7459313921997969,7.0,gpcc2025
2012-01-01,cl_south_n,1.8414838167058394,7.0,gpcc2025
2012-02-01,cl_south_n,3.542371179396261,7.0,gpcc2025
2012-03-01,cl_south_n,1.4173550365065015,7.0,gpcc2025
2012-04-01,cl_south_n,1.854204766066201,7.0,gpcc2025
2012-05-01,cl_south_n,7.468544476958333,7.0,gpcc2025
2012-06-01,cl_south_n,8.85533878160084,7.0,gpcc2025
2012-07-01,cl_south_n,5.00017478213089,7.0,gpcc2025
2012-08-01,cl_south_n,4.885659650425315,7.0,gpcc2025
2012-09-01,cl_south_n,2.9829915307259287,8.0,gpcc2025
2012-10-01,cl_south_n,1.8658518739219738,8.0,gpcc2025
2012-11-01,cl_south_n,1.4824996876436518,8.0,gpcc2025
2012-12-01,cl_south_n,5.429863794062623,8.0,gpcc2025
2013-01-01,cl_south_n,0.9927839205841843,8.0,gpcc2025
2013-02-01,cl_south_n,2.5851153312105484,8.0,gpcc2025
2013-03-01,cl_south_n,1.815318626563624,8.0,gpcc2025
2013-04-01,cl_south_n,3.8272533928491046,8.0,gpcc2025
2013-05-01,cl_south_n,7.469355610210252,8.0,gpcc2025
2013-06-01,cl_south_n,5.852322265956199,8.0,gpcc2025
2013-07-01,cl_south_n,6.050529712408858,8.0,gpcc2025
2013-08-01,cl_south_n,6.92971052120677,8.0,gpcc2025
2013-09-01,cl_south_n,4.927840682565045,8.0,gpcc2025
2013-10-01,cl_south_n,1.8399772608091294,8.0,gpcc2025
2013-11-01,cl_south_n,2.1457112707437345,8.0,gpcc2025
2013-12-01,cl_south_n,0.9171900540160369,8.0,gpcc2025
2014-01-01,cl_south_n,2.5821192780629145,8.0,gpcc2025
2014-02-01,cl_south_n,1.27063461161386,8.0,gpcc2025
2014-03-01,cl_south_n,2.796558882404511,8.0,gpcc2025
2014-04-01,cl_south_n,3.4703501123666496,8.0,gpcc2025
2014-05-01,cl_south_n,6.758113476936628,8.0,gpcc2025
2014-06-01,cl_south_n,8.819630483625668,8.0,gpcc2025
2014-07-01,cl_south_n,8.550387036145294,8.0,gpcc2025
2014-08-01,cl_south_n,5.5495738212212276,7.0,gpcc2025
2014-09-01,cl_south_n,5.61797833686755,7.0,gpcc2025
2014-10-01,cl_south_n,3.0638907804682667,7.0,gpcc2025
2014-11-01,cl_south_n,1.5342476703657149,7.0,gpcc2025
2014-12-01,cl_south_n,1.0003142040946476,7.0,gpcc2025
2015-01-01,cl_south_n,0.5344957841353654,8.0,gpcc2025
2015-02-01,cl_south_n,0.69319261696626,8.0,gpcc2025
2015-03-01,cl_south_n,1.107932645742447,8.0,gpcc2025
2015-04-01,cl_south_n,3.0095391887449523,8.0,gpcc2025
2015-05-01,cl_south_n,8.066197012478105,8.0,gpcc2025
2015-06-01,cl_south_n,7.870335797128253,8.0,gpcc2025
2015-07-01,cl_south_n,10.140363342716052,8.0,gpcc2025
2015-08-01,cl_south_n,8.704174908410423,8.0,gpcc2025
2015-09-01,cl_south_n,3.9749460149581997,8.0,gpcc2025
2015-10-01,cl_south_n,2.326457075851328,8.0,gpcc2025
2015-11-01,cl_south_n,2.1052214165912453,7.0,gpcc2025
2015-12-01,cl_south_n,1.8401065287939562,8.0,gpcc2025
2016-01-01,cl_central_n,0.43590684479567415,2.0,gpcc2025
2016-02-01,cl_central_n,0.324466722556726,2.0,gpcc2025
2016-03-01,cl_central_n,0.27925117714419895,2.0,gpcc2025
2016-04-01,cl_central_n,3.6613716490370902,2.0,gpcc2025
2016-05-01,cl_central_n,3.8267216513709905,2.0,gpcc2025
2016-06-01,cl_central_n,1.5449374523455768,2.0,gpcc2025
2016-07-01,cl_central_n,5.627440818181441,2.0,gpcc2025
2016-08-01,cl_central_n,1.8610329288678682,2.0,gpcc2025
2016-09-01,cl_central_n,1.221495529700628,2.0,gpcc2025
2016-10-01,cl_central_n,2.1346522859094508,2.0,gpcc2025
2016-11-01,cl_central_n,0.6399366464984179,2.0,gpcc2025
2016-12-01,cl_central_n,0.6602544326281834,2.0,gpcc2025
2017-01-01,cl_central_n,0.17245840573262947,2.0,gpcc2025
2017-02-01,cl_central_n,0.7926074395256418,2.0,gpcc2025
2017-03-01,cl_central_n,0.5621537038859516,2.0,gpcc2025
2017-04-01,cl_central_n,2.24688691787702,2.0,gpcc2025
2017-05-01,cl_central_n,4.007701961894334,2.0,gpcc2025
2017-06-01,cl_central_n,6.136820892903662,2.0,gpcc2025
2017-07-01,cl_central_n,2.916488859759651,2.0,gpcc2025
2017-08-01,cl_central_n,6.71027128437746,2.0,gpcc2025
2017-09-01,cl_central_n,2.3136413340490334,2.0,gpcc2025
2017-10-01,cl_central_n,2.3577649604590163,2.0,gpcc2025
2017-11-01,cl_central_n,1.0386082424148693,2.0,gpcc2025
2017-12-01,cl_central_n,0.2270784189188109,2.0,gpcc2025
2018-01-01,cl_central_n,0.25998618675326823,2.0,gpcc2025
2018-02-01,cl_central_n,0.4463357201064572,2.0,gpcc2025
2018-03-01,cl_central_n,1.1919242949898534,2.0,gpcc2025
2018-04-01,cl_central_n,2.1964822870787972,2.0,gpcc2025
2018-05-01,cl_central_n,4.140021163240371,2.0,gpcc2025
2018-06-01,cl_central_n,3.525885369347507,2.0,gpcc2025
2018-07-01,cl_central_n,3.1557820557570757,2.0,gpcc2025
2018-08-01,cl_central_n,2.0853852327825098,2.0,gpcc2025
2018-09-01,cl_central_n,3.7530613631720153,2.0,gpcc2025
2018-10-01,cl_central_n,2.4024200570714584,2.0,gpcc2025
2018-11-01,cl_central_n,1.7429579966475934,2.0,gpcc2025
2018-12-01,cl_central_n,0.2458916406242314,2.0,gpcc2025
2019-01-01,cl_central_n,0.2819496077828428,2.0,gpcc2025
2019-02-01,cl_central_n,0.21019679088360843,2.0,gpcc2025
2019-03-01,cl_central_n,0.3132418708296984,2.0,gpcc2025
2019-04-01,cl_central_n,0.6583271252790082,2.0,gpcc2025
2019-05-01,cl_central_n,4.68629929629419,2.0,gpcc2025
2019-06-01,cl_central_n,7.055894576688361,2.0,gpcc2025
2019-07-01,cl_central_n,2.8977841456928513,2.0,gpcc2025
2019-08-01,cl_central_n,1.7091237018780943,2.0,gpcc2025
2019-09-01,cl_central_n,1.8587568595134916,2.0,gpcc2025
2019-10-01,cl_central_n,0.8352834993139371,2.0,gpcc2025
2019-11-01,cl_central_n,0.36520657882099616,2.0,gpcc2025
2019-12-01,cl_central_n,0.0921096786010363,2.0,gpcc2025
2020-01-01,cl_central_n,0.2253371734996164,2.0,gpcc2025
2020-02-01,cl_central_n,0.2661435375941876,2.0,gpcc2025
2020-03-01,cl_central_n,0.40449374744509475,2.0,gpcc2025
2020-04-01,cl_central_n,1.6913460644516147,2.0,gpcc2025
2020-05-01,cl_central_n,2.585369649549112,2.0,gpcc2025
2020-06-01,cl_central_n,8.482515966237303,2.0,gpcc2025
2020-07-01,cl_central_n,4.50136754710422,2.0,gpcc2025
2020-08-01,cl_central_n,2.091323613868223,2.0,gpcc2025
2020-09-01,cl_central_n,1.1732497717671808,2.0,gpcc2025
2020-10-01,cl_central_n,0.7323605941389713,2.0,gpcc2025
2020-11-01,cl_central_n,0.276087027863303,2.0,gpcc2025
2020-12-01,cl_central_n,0.19316128458017687,2.0,gpcc2025
2016-01-01,cl_south_n,0.9105803258985458,8.0,gpcc2025
2016-02-01,cl_south_n,1.0207455914829904,7.0,gpcc2025
2016-03-01,cl_south_n,1.2084547994882133,6.0,gpcc2025
2016-04-01,cl_south_n,3.5904837434262924,7.0,gpcc2025
2016-05-01,cl_south_n,4.037612889199979,7.0,gpcc2025
2016-06-01,cl_south_n,2.2833774593295972,7.0,gpcc2025
2016-07-01,cl_south_n,6.867542693544359,7.0,gpcc2025
2016-08-01,cl_south_n,6.4046849660104,7.0,gpcc2025
2016-09-01,cl_south_n,2.8410101014431377,7.0,gpcc2025
2016-10-01,cl_south_n,3.939289774655708,6.0,gpcc2025
2016-11-01,cl_south_n,1.9795282026870857,7.0,gpcc2025
2016-12-01,cl_south_n,2.4686601590923636,7.0,gpcc2025
2017-01-01,cl_south_n,1.738297035493147,7.0,gpcc2025
2017-02-01,cl_south_n,3.039782322206893,7.0,gpcc2025
2017-03-01,cl_south_n,2.114511345763929,7.0,gpcc2025
2017-04-01,cl_south_n,3.365079767682237,7.0,gpcc2025
2017-05-01,cl_south_n,6.303442177193647,7.0,gpcc2025
2017-06-01,cl_south_n,7.986320426727186,7.0,gpcc2025
2017-07-01,cl_south_n,4.577249357793757,6.0,gpcc2025
2017-08-01,cl_south_n,9.639691273702226,7.0,gpcc2025
2017-09-01,cl_south_n,3.3853462935486585,7.0,gpcc2025
2017-10-01,cl_south_n,4.5288551272123625,7.0,gpcc2025
2017-11-01,cl_south_n,1.4509268503116632,7.0,gpcc2025
2017-12-01,cl_south_n,1.888741480185759,7.0,gpcc2025
2018-01-01,cl_south_n,1.4452774384190732,7.0,gpcc2025
2018-02-01,cl_south_n,0.9755789215620524,7.0,gpcc2025
2018-03-01,cl_south_n,4.419460641608573,7.0,gpcc2025
2018-04-01,cl_south_n,5.167826817392259,7.0,gpcc2025
2018-05-01,cl_south_n,5.005181475710956,7.0,gpcc2025
2018-06-01,cl_south_n,5.968258013277413,7.0,gpcc2025
2018-07-01,cl_south_n,4.070722696503671,7.0,gpcc2025
2018-08-01,cl_south_n,5.725449305430367,7.0,gpcc2025
2018-09-01,cl_south_n,5.681144065529897,7.0,gpcc2025
2018-10-01,cl_south_n,3.5072154669926037,7.0,gpcc2025
2018-11-01,cl_south_n,3.2975329791642394,7.0,gpcc2025
2018-12-01,cl_south_n,1.4336497829962107,7.0,gpcc2025
2019-01-01,cl_south_n,0.8862616518659775,7.0,gpcc2025
2019-02-01,cl_south_n,0.6487066393947944,7.0,gpcc2025
2019-03-01,cl_south_n,1.3963095920785018,7.0,gpcc2025
2019-04-01,cl_south_n,2.2668236069365646,7.0,gpcc2025
2019-05-01,cl_south_n,6.060958961751836,7.0,gpcc2025
2019-06-01,cl_south_n,7.73162428262321,7.0,gpcc2025
2019-07-01,cl_south_n,7.84576707342862,7.0,gpcc2025
2019-08-01,cl_south_n,3.439511844411744,6.0,gpcc2025
2019-09-01,cl_south_n,2.4679444600983067,7.0,gpcc2025
2019-10-01,cl_south_n,2.228813977895834,7.0,gpcc2025
2019-11-01,cl_south_n,2.035898802364632,7.0,gpcc2025
2019-12-01,cl_south_n,1.043358496938528,7.0,gpcc2025
2020-01-01,cl_south_n,1.3379285571643769,7.0,gpcc2025
2020-02-01,cl_south_n,1.1743403765843425,7.0,gpcc2025
2020-03-01,cl_south_n,1.508645053452048,7.0,gpcc2025
2020-04-01,cl_south_n,2.9483464683596075,7.0,gpcc2025
2020-05-01,cl_south_n,5.568688560647126,7.0,gpcc2025
2020-06-01,cl_south_n,9.062721893372592,7.0,gpcc2025
2020-07-01,cl_south_n,8.845177208976638,7.0,gpcc2025
2020-08-01,cl_south_n,4.269287775497563,7.0,gpcc2025
2020-09-01,cl_south_n,2.8328721704661493,7.0,gpcc2025
2020-10-01,cl_south_n,1.9820529771367184,7.0,gpcc2025
2020-11-01,cl_south_n,1.311331066738064,7.0,gpcc2025
2020-12-01,cl_south_n,1.7235869449142112,7.0,gpcc2025
2021-01-01,cl_central_n,1.9409774382631146,2.0,gpcc2025
2021-02-01,cl_central_n,0.272180452508105,2.0,gpcc2025
2021-03-01,cl_central_n,0.256256057915957,2.0,gpcc2025
2021-04-01,cl_central_n,1.5048330293230288,2.0,gpcc2025
2021-05-01,cl_central_n,4.399976811605757,2.0,gpcc2025
2021-06-01,cl_central_n,3.1546577813257817,2.0,gpcc2025
2021-07-01,cl_central_n,2.558366232646516,2.0,gpcc2025
2021-08-01,cl_central_n,2.9040034765871168,2.0,gpcc2025
2021-09-01,cl_central_n,1.9586958864586888,2.0,gpcc2025
2021-10-01,cl_central_n,0.7302776512315398,2.0,gpcc2025
2021-11-01,cl_central_n,0.24427190145830827,2.0,gpcc2025
2021-12-01,cl_central_n,0.2184188476851938,2.0,gpcc2025
2022-01-01,cl_central_n,0.2753462827832714,2.0,gpcc2025
2022-02-01,cl_central_n,0.3658522386434971,2.0,gpcc2025
2022-03-01,cl_central_n,0.3047892347740997,2.0,gpcc2025
2022-04-01,cl_central_n,3.730278760554122,2.0,gpcc2025
2022-05-01,cl_central_n,3.0126931100789873,2.0,gpcc2025
2022-06-01,cl_central_n,5.048043492841714,2.0,gpcc2025
2022-07-01,cl_central_n,5.245175894719399,2.0,gpcc2025
2022-08-01,cl_central_n,2.8985357900442126,2.0,gpcc2025
2022-09-01,cl_central_n,1.3213462302227958,2.0,gpcc2025
2022-10-01,cl_central_n,0.9837530262142049,2.0,gpcc2025
2022-11-01,cl_central_n,0.6794501311310596,2.0,gpcc2025
2022-12-01,cl_central_n,0.16004280174683427,2.0,gpcc2025
2023-01-01,cl_central_n,0.22981273477757727,2.0,gpcc2025
2023-02-01,cl_central_n,0.13481312697943632,2.0,gpcc2025
2023-03-01,cl_central_n,0.19847750267670553,2.0,gpcc2025
2023-04-01,cl_central_n,1.7360240933673832,2.0,gpcc2025
2023-05-01,cl_central_n,3.013489074298949,2.0,gpcc2025
2023-06-01,cl_central_n,6.024809842708432,2.0,gpcc2025
2023-07-01,cl_central_n,3.935168825660504,2.0,gpcc2025
2023-08-01,cl_central_n,6.8730110797451625,2.0,gpcc2025
2023-09-01,cl_central_n,4.863399027061047,2.0,gpcc2025
2023-10-01,cl_central_n,1.4082566267683116,2.0,gpcc2025
2023-11-01,cl_central_n,1.4213015531197817,2.0,gpcc2025
2023-12-01,cl_central_n,0.15748207675229733,2.0,gpcc2025
2024-01-01,cl_central_n,0.05619275231218851,2.0,gpcc2025
2024-02-01,cl_central_n,0.3725605486416103,2.0,gpcc2025
2024-03-01,cl_central_n,0.7390838493090873,2.0,gpcc2025
2024-04-01,cl_central_n,2.216469620781546,2.0,gpcc2025
2024-05-01,cl_central_n,4.0604977330361445,2.0,gpcc2025
2024-06-01,cl_central_n,11.424192009771764,2.0,gpcc2025
2024-07-01,cl_central_n,1.7554430706920225,2.0,gpcc2025
2024-08-01,cl_central_n,3.331594748497928,2.0,gpcc2025
2024-09-01,cl_central_n,1.8492070281767483,3.0,gpcc2025
2024-10-01,cl_central_n,0.9886369880558786,3.0,gpcc2025
2024-11-01,cl_central_n,0.31034145801218654,3.0,gpcc2025
2024-12-01,cl_central_n,0.11244926017306049,3.0,gpcc2025
2021-01-01,cl_south_n,1.5329495155833779,7.0,gpcc2025
2021-02-01,cl_south_n,0.5299254098641901,7.0,gpcc2025
2021-03-01,cl_south_n,1.212658650792496,7.0,gpcc2025
2021-04-01,cl_south_n,2.841295994905826,7.0,gpcc2025
2021-05-01,cl_south_n,5.395668045376503,7.0,gpcc2025
2021-06-01,cl_south_n,5.720264643751008,7.0,gpcc2025
2021-07-01,cl_south_n,3.81383612340907,7.0,gpcc2025
2021-08-01,cl_south_n,5.580071961920485,7.0,gpcc2025
2021-09-01,cl_south_n,2.7610520680673125,7.0,gpcc2025
2021-10-01,cl_south_n,1.7706213374377393,7.0,gpcc2025
2021-11-01,cl_south_n,1.3339647849742675,7.0,gpcc2025
2021-12-01,cl_south_n,0.9808582658080324,7.0,gpcc2025
2022-01-01,cl_south_n,2.4170515613210326,7.0,gpcc2025
2022-02-01,cl_south_n,1.57529174124203,7.0,gpcc2025
2022-03-01,cl_south_n,2.6945056366996285,7.0,gpcc2025
2022-04-01,cl_south_n,5.2006698212196785,7.0,gpcc2025
2022-05-01,cl_south_n,4.125552605285509,7.0,gpcc2025
2022-06-01,cl_south_n,7.4024880623352045,7.0,gpcc2025
2022-07-01,cl_south_n,8.470045816639702,7.0,gpcc2025
2022-08-01,cl_south_n,4.43521449479452,7.0,gpcc2025
2022-09-01,cl_south_n,3.19039261498665,7.0,gpcc2025
2022-10-01,cl_south_n,2.8709124264043053,7.0,gpcc2025
2022-11-01,cl_south_n,1.4508049766427338,7.0,gpcc2025
2022-12-01,cl_south_n,1.224625320614062,7.0,gpcc2025
2023-01-01,cl_south_n,0.9507524853347805,7.0,gpcc2025
2023-02-01,cl_south_n,0.9671525345166658,7.0,gpcc2025
2023-03-01,cl_south_n,2.1816841031730285,7.0,gpcc2025
2023-04-01,cl_south_n,2.864329727687305,7.0,gpcc2025
2023-05-01,cl_south_n,4.460319809104656,7.0,gpcc2025
2023-06-01,cl_south_n,8.821473720449223,7.0,gpcc2025
2023-07-01,cl_south_n,7.874855463878125,7.0,gpcc2025
2023-08-01,cl_south_n,6.581642083759683,7.0,gpcc2025
2023-09-01,cl_south_n,6.340391516604622,7.0,gpcc2025
2023-10-01,cl_south_n,2.4879772279554695,7.0,gpcc2025
2023-11-01,cl_south_n,2.8537954660785587,7.0,gpcc2025
2023-12-01,cl_south_n,0.9085885674102854,7.0,gpcc2025
2024-01-01,cl_south_n,0.7220702368122948,7.0,gpcc2025
2024-02-01,cl_south_n,0.7601951253052736,7.0,gpcc2025
2024-03-01,cl_south_n,3.153389920415971,7.0,gpcc2025
2024-04-01,cl_south_n,4.523119117118731,7.0,gpcc2025
2024-05-01,cl_south_n,5.22729367489937,7.0,gpcc2025
2024-06-01,cl_south_n,9.453323658030634,6.0,gpcc2025
2024-07-01,cl_south_n,3.647680561196844,7.0,gpcc2025
2024-08-01,cl_south_n,3.2810926695070286,7.0,gpcc2025
2024-09-01,cl_south_n,5.617092607823291,7.0,gpcc2025
2024-10-01,cl_south_n,1.3459237830024156,7.0,gpcc2025
2024-11-01,cl_south_n,2.9943531855015104,7.0,gpcc2025
2024-12-01,cl_south_n,0.813438059067057,7.0,gpcc2025
