region,source,main,sign,season,n_ref,hits,n,tercile_hits,hits_excl_near,hits_roni,hits_no2009,loo_range,moderate,lanina_same_dir,median_pct_strong,median_pct_normal_strong,median_pct_typical_strong,events_hit
maritime,gpcc2025,True,-1,SOND,23,8,8,8,8/8,8/8,7/7,7-7,6/6,1/12,0.0,72.65943285479963,70.04547758172656,57 65 72 82 97 09 15 23
maritime,precl,False,-1,SOND,23,8,8,8,8/8,8/8,7/7,7-7,6/6,1/12,0.0,75.93805313847372,74.3424216676339,57 65 72 82 97 09 15 23
maritime,gpcp,False,-1,SOND,13,5,5,5,5/5,5/5,4/4,4-5,5/5,1/8,0.0,67.29837418500307,62.0648315895401,82 97 09 15 23
philippines,gpcc2025,True,-1,DJFMA,23,8,8,8,8/8,8/8,7/7,7-7,6/6,1/12,0.04323305278408026,58.012678534543554,63.062231540654096,57 65 72 82 97 09 15 23
philippines,precl,False,-1,DJFMA,23,8,8,7,8/8,8/8,7/7,7-7,6/6,0/12,0.11408097149497176,59.44302188811933,68.27847494428877,57 65 72 82 97 09 15 23
philippines,gpcp,False,-1,DJFMA,13,5,5,5,5/5,5/5,4/4,4-5,4/5,0/8,0.0,54.19057876226018,58.563222637797836,82 97 09 15 23
safrica,gpcc2025,True,-1,DJF,23,6,8,5,5/7,6/8,5/7,5-6,5/6,2/12,0.13980837105053862,87.2180439884592,86.00850057065215,72 82 97 09 15 23
safrica,precl,False,-1,DJF,23,5,8,4,4/6,5/8,4/7,4-5,5/6,1/12,0.3307568960746765,95.41449788739828,97.6071072703809,72 82 97 09 23
safrica,gpcp,False,-1,DJF,13,5,5,5,5/5,5/5,4/4,4-5,4/5,2/8,0.0,76.11733161412138,74.08466503984316,82 97 09 15 23
amazon,gpcc2025,True,-1,ONDJFMAM,23,7,8,7,7/7,7/8,6/7,6-7,4/6,6/12,0.0,92.07291088205676,90.38278453666187,57 65 82 97 09 15 23
amazon,precl,False,-1,ONDJFMAM,23,6,8,6,6/7,6/8,5/7,5-6,4/6,2/12,0.039673894984357055,95.1295104610347,95.84113262400878,65 82 97 09 15 23
amazon,gpcp,False,-1,ONDJFMAM,13,5,5,5,5/5,5/5,4/4,4-5,3/5,3/8,0.0,86.81401722900493,86.2746271224518,82 97 09 15 23
nsam,gpcc2025,True,-1,DJF,23,8,8,8,8/8,8/8,7/7,7-7,6/6,1/12,0.0,70.49093731065759,73.80565669226613,57 65 72 82 97 09 15 23
nsam,precl,False,-1,DJF,23,8,8,8,8/8,8/8,7/7,7-7,6/6,1/12,0.019345541386792495,76.98373554444909,73.22992068479999,57 65 72 82 97 09 15 23
nsam,gpcp,False,-1,DJF,13,5,5,5,5/5,5/5,4/4,4-5,5/5,1/8,0.0,66.93375728117459,71.9208093439044,82 97 09 15 23
nebrazil,gpcc2025,True,-1,MAM1,23,6,8,4,6/8,7/8,5/7,5-6,2/6,3/12,0.2576598448466624,79.38998087489612,86.66135189725219,57 65 82 97 09 15
nebrazil,precl,False,-1,MAM1,23,6,8,6,6/8,7/8,5/7,5-6,2/6,2/12,0.23788186690544397,83.81037463241385,89.7867017270923,57 65 82 97 09 15
nebrazil,gpcp,False,-1,MAM1,14,5,5,5,5/5,5/5,4/4,4-5,1/5,1/8,0.10778052865663029,74.43754941891369,79.28170505324829,82 97 09 15 23
drycorridor,gpcc2025:drycorridor_wet,True,-1,DJF,23,5,8,5,5/6,5/8,5/7,4-5,5/6,0/12,0.22619566852495987,93.1813838546889,93.34988833468947,57 72 82 97 23
drycorridor,gpcc2025,False,-1,DJF,23,5,8,5,5/6,5/8,5/7,4-5,5/6,1/12,0.23078431115115416,92.85641279544001,94.54389294748995,57 72 82 97 23
drycorridor,precl,False,-1,DJF,23,7,8,5,6/7,6/8,6/7,6-7,4/6,5/12,0.26029808143651095,100.15305326186001,92.66327283551075,57 72 82 97 09 15 23
wpacific,stations,True,-1,SONDJF,23,8,8,8,8/8,8/8,7/7,7-7,6/6,2/12,0.0,81.63345057246322,75.78858506123288,57 65 72 82 97 09 15 23
wpacific,gpcp,False,-1,SONDJF,13,5,5,3,4/4,5/5,4/4,4-5,4/5,3/8,0.0,77.20667799720297,71.56032779274783,82 97 09 15 23
cpacific,gpcp,True,1,SONDJFMAM,13,5,5,5,5/5,5/5,4/4,4-5,5/5,0/8,1.0,206.94181726942318,209.53181784228107,82 97 09 15 23
hawaii,stations,True,-1,NDJFM,23,6,8,6,6/7,6/8,5/7,5-6,5/6,6/12,0.0503252617327888,68.90027534399813,57.862571291315135,72 82 97 09 15 23
hawaii,gpcp,False,-1,NDJFM,13,5,5,5,5/5,5/5,4/4,4-5,5/5,4/8,0.08779007661658396,55.097922548230116,47.281981167622874,82 97 09 15 23
hawaii,gpcc2025,False,-1,NDJFM,23,7,8,6,6/6,7/8,6/7,6-7,5/6,4/12,0.05275507265372091,67.06397254301697,54.93746001755551,57 72 82 97 09 15 23
hawaii,gpcc2025:box_hawaii,False,-1,NDJFM,23,7,8,6,6/6,7/8,6/7,6-7,5/6,4/12,0.05275507265372091,67.06397254301697,54.93746001755551,57 72 82 97 09 15 23
seaustralia,gpcc2025,True,-1,SON,23,7,8,6,7/8,7/8,6/7,6-7,5/6,6/12,0.18570190841799805,81.3709211205992,74.30054647633293,65 72 82 97 09 15 23
seaustralia,precl,False,-1,SON,23,6,8,6,6/8,6/8,6/7,5-6,5/6,7/12,0.221902514500732,88.77106589072771,82.09825784808311,65 72 82 97 15 23
seaustralia,gpcc2025:box_seaustralia,False,-1,SON,23,7,8,6,7/7,7/8,6/7,6-7,5/6,6/12,0.14236348401280116,88.11967529968162,76.98977209059007,65 72 82 97 09 15 23
inlandnw,gpcc2025,True,-1,DJF,23,7,8,7,7/7,6/8,6/7,6-7,4/6,4/12,0.288314397731121,95.17193726968813,91.8369798938517,65 72 82 97 09 15 23
inlandnw,precl,False,-1,DJF,23,5,8,5,5/8,6/8,4/7,4-5,6/6,5/12,0.276458946324592,105.3264443941808,94.06730747533868,65 72 82 97 09
inlandnw,gpcc2025:box_inlandnw,False,-1,DJF,23,3,8,1,3/7,4/8,2/7,2-3,4/6,3/12,0.6158453196480578,104.13724731646843,106.97234772896704,72 97 09
ccanada_warm,berkeley,True,1,DJF,23,8,8,5,5/5,8/8,7/7,7-7,5/6,7/12,0.8550769219977958,0.6865442413174654,2.228330200108113,57 65 72 82 97 09 15 23
ccanada_warm,ghcncams,False,1,DJF,23,8,8,5,5/5,8/8,7/7,7-7,5/6,7/12,0.833056351177444,0.5309273699711756,2.1096206757101825,57 65 72 82 97 09 15 23
ccanada_warm,berkeley:box_ccanada,False,1,DJF,23,8,8,5,7/7,8/8,7/7,7-7,5/6,7/12,0.8516330457794821,1.0358149756804222,2.168375691597388,57 65 72 82 97 09 15 23
nindia,gpcc2025,True,-1,JJAS1,23,1,8,1,1/8,2/8,1/7,0-1,2/6,2/12,0.8157455924135244,107.68387695014604,114.62689340530044,65
nindia,gpcc2025:lit_nindia,False,-1,JJAS1,23,1,8,1,1/8,2/8,1/7,0-1,2/6,2/12,0.8166370491213111,107.98342545530971,114.75370582308899,65
horn,gpcc2025,True,1,OND,23,8,8,8,8/8,7/8,7/7,7-7,4/6,4/12,0.908510971377535,130.6066837670468,159.91333910477425,57 65 72 82 97 09 15 23
horn,precl,False,1,OND,23,8,8,8,8/8,7/8,7/7,7-7,3/6,3/12,0.909611743273103,118.87356754678368,150.32279855897724,57 65 72 82 97 09 15 23
horn,gpcp,False,1,OND,13,5,5,5,5/5,4/5,4/4,4-5,3/5,4/8,1.0,141.2970312151456,178.80015856255108,82 97 09 15 23
horn,gpcc2025:lit_horn,False,1,OND,23,8,8,8,8/8,7/8,7/7,7-7,3/6,2/12,0.8947715532797791,126.38106852319693,157.4390069384778,57 65 72 82 97 09 15 23
peru,gpcc2025,True,1,DJFMA,23,7,8,7,7/8,7/8,6/7,6-7,4/6,8/12,0.7943635945707054,103.40064816889134,121.78623132175349,57 72 82 97 09 15 23
peru,gpcc2025:lit_peru,False,1,DJFMA,23,6,8,5,6/8,7/8,5/7,5-6,2/6,9/12,0.8105464045839629,104.72157674592978,111.33477444002008,57 72 82 97 09 15
peru,precl,False,1,DJFMA,23,5,8,4,4/6,5/8,5/7,4-5,4/6,9/12,0.7062352544365945,106.97495335384636,111.93126287345986,57 72 82 97 23
sesa,gpcc2025,True,1,SONDJF,23,7,8,7,7/8,8/8,6/7,6-7,5/6,3/12,1.0,114.51018184016051,119.4712522693759,57 65 72 82 97 09 15
sesa,precl,False,1,SONDJF,23,7,8,7,7/8,8/8,6/7,6-7,5/6,2/12,1.0,114.26711330861325,117.34483200722323,57 65 72 82 97 09 15
sesa,gpcp,False,1,SONDJF,13,5,5,4,4/4,5/5,4/4,4-5,4/5,2/8,1.0,121.84458458760443,125.51831876163729,82 97 09 15 23
sesa,gpcc2025:lit_sesa,False,1,SONDJF,23,8,8,8,8/8,8/8,7/7,7-7,5/6,4/12,1.0,113.7859528583305,124.63832043563075,57 65 72 82 97 09 15 23
gulf,gpcc2025,True,1,DJF,23,8,8,7,8/8,8/8,7/7,7-7,5/6,1/12,0.9089857357769663,124.82668121706465,122.13025705660604,57 65 72 82 97 09 15 23
gulf,precl,False,1,DJF,23,7,8,7,7/7,7/8,6/7,6-7,5/6,1/12,0.9047609476680212,119.77040411935862,119.26352319220527,65 72 82 97 09 15 23
gulf,gpcc2025:lit_gulf,False,1,DJF,23,8,8,6,8/8,8/8,7/7,7-7,5/6,1/12,0.9161232637400321,130.9725437563664,127.82886163890473,57 65 72 82 97 09 15 23
antilles,gpcc2025,True,1,DJF,23,8,8,8,8/8,8/8,7/7,7-7,5/6,3/12,1.0,162.6009246477195,207.5437327999546,57 65 72 82 97 09 15 23
antilles,precl,False,1,DJF,23,8,8,8,8/8,8/8,7/7,7-7,6/6,5/12,1.0,137.89398360133305,150.52084136005047,57 65 72 82 97 09 15 23
antilles,gpcp,False,1,DJF,13,5,5,5,5/5,5/5,4/4,4-5,4/5,2/8,1.0,149.85062117175437,180.17938536511565,82 97 09 15 23
antilles,gpcc2025:box_antilles,False,1,DJF,23,8,8,8,8/8,8/8,7/7,7-7,6/6,5/12,1.0,149.23333297531536,182.52118542047145,57 65 72 82 97 09 15 23
swus,gpcc2025,True,1,DJFM,23,7,8,7,7/7,7/8,6/7,6-7,4/6,3/12,0.9018668727030347,137.0515304796204,166.72677307773313,57 65 72 82 97 09 23
swus,precl,False,1,DJFM,23,8,8,7,7/7,8/8,7/7,7-7,4/6,4/12,0.8877832858813002,134.134234883253,173.5768276981275,57 65 72 82 97 09 15 23
srilanka,gpcc2025,True,1,OND,23,8,8,8,8/8,8/8,7/7,7-7,5/6,8/12,0.9063982207022071,125.75965061022455,145.67568598487333,57 65 72 82 97 09 15 23
srilanka,precl,False,1,OND,23,8,8,8,8/8,8/8,7/7,7-7,5/6,6/12,0.9248019873831217,121.68814981309765,141.68696144798912,57 65 72 82 97 09 15 23
srilanka,gpcc2025:box_srilanka,False,1,OND,23,8,8,8,8/8,8/8,7/7,7-7,5/6,8/12,0.8730229077827005,124.59304935864478,140.21814276094972,57 65 72 82 97 09 15 23
schina,gpcc2025,True,1,DJFMAM,23,5,8,5,5/7,5/8,5/7,4-5,3/6,2/12,0.8018017212337853,126.58034126763698,122.38188353149707,72 82 97 15 23
schina,precl,False,1,DJFMAM,23,6,8,5,5/7,6/8,5/7,5-6,4/6,4/12,0.9297542945378439,131.1555222409527,130.90554308388528,72 82 97 09 15 23
yangtze,gpcc2025,True,1,JJA1,23,4,8,3,3/4,4/8,4/7,3-4,0/6,4/12,0.5259283014795811,99.09504487380099,98.735056559014,72 82 97 15
yangtze,precl,False,1,JJA1,23,6,8,3,4/5,5/8,5/7,5-6,3/6,7/12,0.6146342383083174,102.59416839703704,104.04052281871806,72 82 97 09 15 23
yangtze,gpcc2025:lit_yangtze,False,1,JJA1,23,4,8,3,3/4,4/8,4/7,3-4,0/6,4/12,0.5140982900910923,98.9998465775837,98.62685370111389,72 82 97 15
yangtze,gpcc2025:yangtze@JJ1,False,1,JJA1,23,6,8,6,6/8,5/8,5/7,5-6,2/6,5/12,0.8361383158992338,106.31076722814005,109.88637104114295,72 82 97 09 15 23
mekong,gpcc2025,True,-1,MAM1,23,7,8,7,7/8,7/8,6/7,6-7,2/6,1/12,0.05383099260989613,71.4476013533101,78.75056834704932,57 72 82 97 09 15 23
mekong,gpcc2025:c_mekong_south,False,-1,MAM1,23,7,8,7,7/8,7/8,6/7,6-7,2/6,1/12,0.05114630842177618,71.19828978090632,78.75864329175721,57 72 82 97 09 15 23
mekong,precl:c_mekong_south,False,-1,MAM1,23,6,8,6,6/8,7/8,5/7,5-6,2/6,1/12,0.2809619632096466,71.26393495976598,88.07723686854871,57 72 82 97 09 15
norcal,gpcc2025,True,1,DJFM,23,6,8,6,6/7,5/8,6/7,5-6,2/6,7/12,0.7357236038709127,116.4107929648275,128.4498778736247,57 72 82 97 15 23
norcal,gpcc2025:c_norcal,False,1,DJFM,23,6,8,6,6/7,5/8,6/7,5-6,2/6,7/12,0.7326498592651083,115.54771222618294,128.06097768506766,57 72 82 97 15 23
norcal,precl:c_norcal,False,1,DJFM,23,7,8,7,7/8,6/8,6/7,6-7,2/6,8/12,0.8443159906375405,123.19297633735255,140.8590797217795,57 72 82 97 09 15 23
cl_altiplano,gpcc2025,True,-1,DJFM,23,6,8,5,5/6,6/8,6/7,5-6,2/6,5/12,0.049513201699202015,86.94896747179996,87.86247079506876,57 65 82 97 15 23
cl_altiplano,precl:cl_altiplano,False,-1,DJFM,23,6,8,5,6/8,6/8,5/7,5-6,3/6,9/12,0.1307637158795884,97.33777611558088,83.41747130669927,65 82 97 09 15 23
cl_atacama,gpcc2025,True,1,SON,23,6,8,6,6/6,5/8,6/7,5-6,4/6,5/12,0.8737995514205728,162.78605636582753,215.64630404899185,65 72 82 97 15 23
cl_atacama,gpcc2025:cl_atacama@JJA0,False,1,SON,23,8,8,4,7/7,8/8,7/7,7-7,5/6,5/12,0.8136499705704461,120.185986054197,208.5599358420516,57 65 72 82 97 09 15 23
cl_atacama,gpcc2025:cl_atacama@JJASON0,False,1,SON,23,8,8,5,7/7,8/8,7/7,7-7,5/6,3/12,0.8375706956591504,129.16875132109215,162.9784389522838,57 65 72 82 97 09 15 23
cl_central,gpcc2025,True,1,SON,23,7,8,7,7/8,7/8,6/7,6-7,6/6,4/12,0.9384192133250405,146.92575422368157,189.27492189659387,65 72 82 97 09 15 23
cl_central,gpcc2025:cl_central@MAMJJAS1,False,1,SON,23,2,8,1,2/7,3/8,2/7,1-2,2/6,4/12,0.17128738857252213,89.54170159307455,84.93332677297339,57 65
cl_central,gpcc2025:cl_central@MAMJJAS0,False,1,SON,23,8,8,5,5/5,8/8,7/7,7-7,6/6,6/12,0.793571369431245,121.98928566882785,143.04013384340462,57 65 72 82 97 09 15 23
cl_central,gpcc2025:cl_central@JJA0,False,1,SON,23,7,8,6,7/7,7/8,6/7,6-7,5/6,9/12,0.8752380639301808,124.00350612378367,146.1255453217405,65 72 82 97 09 15 23
cl_central,gpcc2025:cl_central@OND,False,1,SON,23,6,8,6,6/7,7/8,5/7,5-6,5/6,5/12,0.862071826960918,131.31486593247377,131.48564843818465,57 65 72 82 97 09
cl_south,gpcc2025,True,-1,DJF,23,6,8,6,6/8,5/8,6/7,5-6,3/6,6/12,0.10905581750180335,85.72011819199398,84.68761885161156,65 72 82 97 15 23
cl_south,precl:cl_south,False,-1,DJF,23,5,8,5,5/8,4/8,5/7,4-5,4/6,4/12,0.13922167652975526,77.55626942183656,85.24936261775215,65 72 82 97 23
cl_central_n,gpcc2025,True,1,ON0,23,7,8,7,7/8,7/8,6/7,6-7,6/6,3/12,0.9117684822042875,174.70473839632234,193.38134943869025,65 72 82 97 09 15 23
cl_central_n,gpcc2025:cl_central_n@SON,False,1,ON0,23,7,8,7,7/8,7/8,6/7,6-7,6/6,3/12,0.9313641270919717,157.55989800644915,204.9998245473518,65 72 82 97 09 15 23
cl_central_n,gpcc2025:cl_central_n@MAMJJAS1,False,1,ON0,23,2,8,1,2/8,3/8,2/7,1-2,2/6,6/12,0.20703127211679662,89.14001830314287,86.5895942813438,57 65
cl_south_n,gpcc2025,True,-1,JFM1,23,7,8,7,7/7,6/8,7/7,6-7,4/6,5/12,0.1829472474608181,83.00123137245407,67.39784114546259,57 65 72 82 97 15 23
cl_south_n,gpcc2025:cl_south_n@DJF,False,-1,JFM1,23,7,8,5,6/7,6/8,7/7,6-7,4/6,9/12,0.170070429181584,72.58407226943805,58.705296582125726,57 65 72 82 97 15 23
altiplano,gpcc2025,True,-1,DJFM,23,5,8,4,4/5,5/8,5/7,4-5,5/6,5/12,0.22061671237741767,84.12772818439599,81.69198819299979,65 82 97 15 23
altiplano,gpcc2025:cl_altiplano,False,-1,DJFM,23,6,8,5,5/6,6/8,6/7,5-6,2/6,5/12,0.049513201699202015,86.94896747179996,87.86247079506876,57 65 82 97 15 23
cchile,gpcc2025,True,1,ON0,23,7,8,6,7/7,7/8,6/7,6-7,6/6,3/12,0.9180425523097058,170.2307550121712,180.26299206890866,65 72 82 97 09 15 23
cchile,gpcc2025:cl_central_n,False,1,ON0,23,7,8,7,7/8,7/8,6/7,6-7,6/6,3/12,0.9117684822042875,174.70473839632234,193.38134943869025,65 72 82 97 09 15 23
cchile,gpcc2025:cchile@SON,False,1,ON0,23,7,8,7,7/7,7/8,6/7,6-7,6/6,3/12,0.9362121816430582,155.40863050295624,191.8561136962984,65 72 82 97 09 15 23
c_uk_ceurope,gpcc2025,True,1,OND,23,5,8,4,5/7,4/8,4/7,4-5,4/6,4/12,0.7737238234583494,107.86727600768461,115.83501703403023,82 97 09 15 23
c_uk_ceurope,precl,False,1,OND,23,5,8,5,5/7,4/8,4/7,4-5,4/6,4/12,0.8405749398246272,108.21604342519055,118.11908961062363,82 97 09 15 23
c_scandinavia,berkeley,True,-1,JF1,23,5,8,5,5/8,4/8,4/7,4-5,3/6,6/12,0.16412717792816406,-0.706895815527138,-1.9425783519014375,57 65 09 15 23
c_scandinavia,ghcncams,False,-1,JF1,23,5,8,5,5/8,4/8,4/7,4-5,3/6,6/12,0.1924474897175455,-0.7191744610641448,-1.6585815298586994,57 65 09 15 23
c_sahel,gpcc2025,True,-1,JAS0,23,3,8,3,3/8,4/8,3/7,2-3,5/6,3/12,0.6791853912353821,97.97201592107099,106.88277031903198,72 82 97
c_sahel,precl,False,-1,JAS0,23,3,8,3,3/8,4/8,3/7,2-3,5/6,4/12,0.6983968788316989,97.26376167505836,105.08770207446307,72 82 97
lit_sindia,gpcc2025,True,1,OND,23,7,8,6,6/7,7/8,6/7,6-7,4/6,7/12,0.9452402180605137,119.99367726789973,136.79611042490907,57 65 72 97 09 15 23
lit_sindia,precl,False,1,OND,23,6,8,6,6/7,5/8,5/7,5-6,4/6,7/12,0.9420800566101288,112.42462347876568,130.64873867853805,57 72 97 09 15 23
c_mekong_south,gpcc2025,True,-1,MAM1,23,7,8,7,7/8,7/8,6/7,6-7,2/6,1/12,0.05114630842177618,71.19828978090632,78.75864329175721,57 72 82 97 09 15 23
c_mekong_south,precl,False,-1,MAM1,23,6,8,6,6/8,7/8,5/7,5-6,2/6,1/12,0.2809619632096466,71.26393495976598,88.07723686854871,57 72 82 97 09 15
c_norcal,gpcc2025,True,1,DJFM,23,6,8,6,6/7,5/8,6/7,5-6,2/6,7/12,0.7326498592651083,115.54771222618294,128.06097768506766,57 72 82 97 15 23
c_norcal,precl,False,1,DJFM,23,7,8,7,7/8,6/8,6/7,6-7,2/6,8/12,0.8443159906375405,123.19297633735255,140.8590797217795,57 72 82 97 09 15 23
lit_ohio,gpcc2025,True,-1,DJF,23,4,8,1,3/5,5/8,3/7,3-4,3/6,5/12,0.4645340779518836,96.92960380718513,100.2792272825095,57 65 82 09
lit_ohio,precl,False,-1,DJF,23,6,8,3,4/6,7/8,5/7,5-6,4/6,6/12,0.4102021045977034,93.31960529086169,96.06381912304307,57 65 72 82 97 09
c_se_alaska,berkeley,True,1,DJF,23,6,8,5,5/7,6/8,5/7,5-6,5/6,4/12,0.7314789728574944,0.570952242293963,0.8575237436890752,57 82 97 09 15 23
c_se_alaska,ghcncams,False,1,DJF,23,6,8,5,6/8,6/8,5/7,5-6,6/6,3/12,0.7768844045480687,0.2717230538315478,1.0190772128605732,57 82 97 09 15 23
nindia_yr0,gpcc2025:nindia,True,-1,JJAS0,23,8,8,6,7/7,8/8,7/7,7-7,6/6,4/12,0.05328473913876475,88.4930784906537,85.97008532147473,57 65 72 82 97 09 15 23
