region,season,agree,n,ncells
maritime,SON,13,13,589
philippines,DJF,13,13,130
safrica,DJF,13,13,361
amazon,DJF,13,13,452
nsam,DJF,13,13,174
nebrazil,MAM,6,6,149
drycorridor,DJF,13,13,50
wpacific,SON,13,13,718
cpacific,SON,13,13,950
hawaii,DJF,13,13,88
seaustralia,SON,12,13,11
inlandnw,DJF,13,13,295
ccanada_warm,DJF,11,11,314
horn,OND,13,13,187
peru,DJF,13,13,42
sesa,DJF,13,13,363
gulf,DJF,13,13,150
antilles,DJF,13,13,30
swus,DJF,13,13,98
srilanka,OND,12,13,9
schina,DJF,11,13,17
mekong,MAM,4,6,40
norcal,DJF,13,13,22
altiplano,DJF,13,13,22
cchile,OND,13,13,10
cl_south_n,JFM,2,6,6
c_uk_ceurope,OND,12,13,44
c_scandinavia,JF,11,11,219
lit_sindia,OND,5,13,37
c_norcal,DJF,13,13,11
lit_ohio,DJF,3,13,98
c_se_alaska,DJF,9,11,27
